airTemperature,cloudCover,humidity,precipitation,pressure,time,visibility,windSpeed,place
11.91,0,60.9,0,1010.74,2021-08-18T00:00:00+00:00,24.13,1.04,Srinagar
24.41,100,89.7,0.26,1006.03,2021-08-18T00:00:00+00:00,24,1.99,Mumbai
28.41,98.6,74,0,1005.68,2021-08-18T00:00:00+00:00,24.13,2.78,Chennai
19.81,100,91.4,0,1009.32,2021-08-18T00:00:00+00:00,24.13,3.49,Bangalore
21.61,100,95.2,2.38,1005.11,2021-08-18T00:00:00+00:00,6.94,6.74,Hyderabad
24.01,100,88.1,0.46,1003.89,2021-08-18T00:00:00+00:00,22.9,4.43,Bhopal
22.81,99,97,0,1003.76,2021-08-18T00:00:00+00:00,24.13,0.78,Ranchi
13.68,0,57.37,0,1010.93,2021-08-18T01:00:00+00:00,24.13,1.19,Srinagar
24.98,100,86.43,0.18,1006.53,2021-08-18T01:00:00+00:00,24.04,1.84,Mumbai
28.42,99.07,73.5,0.01,1006.23,2021-08-18T01:00:00+00:00,24.13,2.69,Chennai
20.48,99.13,87.43,0,1009.74,2021-08-18T01:00:00+00:00,24.13,4.11,Bangalore
21.55,100,94.73,1.68,1005.88,2021-08-18T01:00:00+00:00,12.67,6.06,Hyderabad
24.12,99.3,87.87,0.31,1004.55,2021-08-18T01:00:00+00:00,23.31,4.6,Bhopal
23.72,96.3,92.77,0,1003.88,2021-08-18T01:00:00+00:00,24.13,1.09,Ranchi
15.46,0,53.83,0,1011.12,2021-08-18T02:00:00+00:00,24.13,1.35,Srinagar
25.56,100,83.17,0.09,1007.04,2021-08-18T02:00:00+00:00,24.09,1.68,Mumbai
28.43,99.53,73,0.01,1006.78,2021-08-18T02:00:00+00:00,24.13,2.59,Chennai
21.16,98.27,83.47,0,1010.16,2021-08-18T02:00:00+00:00,24.13,4.72,Bangalore
21.49,100,94.27,0.99,1006.65,2021-08-18T02:00:00+00:00,18.4,5.38,Hyderabad
24.23,98.6,87.63,0.15,1005.21,2021-08-18T02:00:00+00:00,23.72,4.76,Bhopal
24.63,93.6,88.53,0,1004,2021-08-18T02:00:00+00:00,24.13,1.39,Ranchi
17.24,0,50.3,0,1011.31,2021-08-18T03:00:00+00:00,24.14,1.5,Srinagar
26.14,100,79.9,0.01,1007.55,2021-08-18T03:00:00+00:00,24.14,1.52,Mumbai
28.44,100,72.5,0.02,1007.33,2021-08-18T03:00:00+00:00,24.14,2.5,Chennai
21.84,97.4,79.5,0,1010.58,2021-08-18T03:00:00+00:00,24.14,5.34,Bangalore
21.44,100,93.8,0.3,1007.41,2021-08-18T03:00:00+00:00,24.13,4.7,Hyderabad
24.34,97.9,87.4,0,1005.86,2021-08-18T03:00:00+00:00,24.14,4.93,Bhopal
25.54,90.9,84.3,0.01,1004.12,2021-08-18T03:00:00+00:00,24.14,1.7,Ranchi
19.2,0,47.1,0,1010.3,2021-08-18T04:00:00+00:00,24.13,1.68,Srinagar
26.2,100,79.37,0.15,1007.67,2021-08-18T04:00:00+00:00,24.13,2.04,Mumbai
28.7,100,72.1,0.03,1007.27,2021-08-18T04:00:00+00:00,24.13,2.86,Chennai
23.27,97.6,72.4,0.14,1010.21,2021-08-18T04:00:00+00:00,24.13,5.49,Bangalore
21.47,100,93.2,0.21,1007.4,2021-08-18T04:00:00+00:00,24.13,4.84,Hyderabad
24.57,98.6,86.33,0.08,1005.65,2021-08-18T04:00:00+00:00,24.13,4.65,Bhopal
26.87,93.9,78.27,0.58,1003.57,2021-08-18T04:00:00+00:00,24.13,1.89,Ranchi
21.17,0,43.9,0,1009.3,2021-08-18T05:00:00+00:00,24.13,1.86,Srinagar
26.27,100,78.83,0.29,1007.79,2021-08-18T05:00:00+00:00,24.13,2.56,Mumbai
28.97,100,71.7,0.04,1007.21,2021-08-18T05:00:00+00:00,24.13,3.21,Chennai
24.7,97.8,65.3,0.28,1009.85,2021-08-18T05:00:00+00:00,24.13,5.63,Bangalore
21.5,100,92.6,0.11,1007.39,2021-08-18T05:00:00+00:00,24.13,4.99,Hyderabad
24.8,99.3,85.27,0.15,1005.44,2021-08-18T05:00:00+00:00,24.13,4.36,Bhopal
28.2,96.9,72.23,1.15,1003.03,2021-08-18T05:00:00+00:00,24.13,2.07,Ranchi
23.14,0,40.7,0,1008.3,2021-08-18T06:00:00+00:00,24.13,2.04,Srinagar
26.34,100,78.3,0.43,1007.91,2021-08-18T06:00:00+00:00,24.13,3.08,Mumbai
29.24,100,71.3,0.05,1007.14,2021-08-18T06:00:00+00:00,24.13,3.57,Chennai
26.14,98,58.2,0.42,1009.48,2021-08-18T06:00:00+00:00,24.13,5.78,Bangalore
21.54,100,92,0.02,1007.37,2021-08-18T06:00:00+00:00,24.13,5.13,Hyderabad
25.04,100,84.2,0.23,1005.23,2021-08-18T06:00:00+00:00,24.13,4.08,Bhopal
29.54,99.9,66.2,1.72,1002.48,2021-08-18T06:00:00+00:00,24.13,2.26,Ranchi
24.41,0,36,0,1006.93,2021-08-18T07:00:00+00:00,24.13,2.12,Srinagar
26.07,100,79.53,0.35,1007.3,2021-08-18T07:00:00+00:00,24.13,3.15,Mumbai
29.11,100,72.1,0.03,1006.05,2021-08-18T07:00:00+00:00,24.13,3.41,Chennai
26.37,98.67,56.8,0.28,1008.45,2021-08-18T07:00:00+00:00,24.13,5.54,Bangalore
21.67,100,91.87,0.11,1006.54,2021-08-18T07:00:00+00:00,20.14,5.09,Hyderabad
25.47,99.97,83.07,0.15,1004.28,2021-08-18T07:00:00+00:00,24.13,4.13,Bhopal
29.34,93.77,67.67,1.38,1001.82,2021-08-18T07:00:00+00:00,21.93,2.58,Ranchi
25.68,0,31.3,0,1005.55,2021-08-18T08:00:00+00:00,24.13,2.19,Srinagar
25.81,100,80.77,0.26,1006.69,2021-08-18T08:00:00+00:00,24.13,3.21,Mumbai
28.98,100,72.9,0.02,1004.96,2021-08-18T08:00:00+00:00,24.13,3.26,Chennai
26.61,99.33,55.4,0.14,1007.41,2021-08-18T08:00:00+00:00,24.13,5.31,Bangalore
21.81,100,91.73,0.2,1005.72,2021-08-18T08:00:00+00:00,16.15,5.04,Hyderabad
25.91,99.93,81.93,0.08,1003.33,2021-08-18T08:00:00+00:00,24.13,4.17,Bhopal
29.14,87.63,69.13,1.04,1001.15,2021-08-18T08:00:00+00:00,19.72,2.91,Ranchi
26.95,0,26.6,0,1004.17,2021-08-18T09:00:00+00:00,24.13,2.27,Srinagar
25.55,100,82,0.17,1006.09,2021-08-18T09:00:00+00:00,24.13,3.28,Mumbai
28.85,100,73.7,0,1003.87,2021-08-18T09:00:00+00:00,24.13,3.1,Chennai
26.85,100,54,0,1006.38,2021-08-18T09:00:00+00:00,24.13,5.07,Bangalore
21.95,100,91.6,0.3,1004.89,2021-08-18T09:00:00+00:00,12.15,5,Hyderabad
26.35,99.9,80.8,0,1002.38,2021-08-18T09:00:00+00:00,24.13,4.22,Bhopal
28.95,81.5,70.6,0.7,1000.49,2021-08-18T09:00:00+00:00,17.52,3.23,Ranchi
26.56,0,28.43,0,1003.72,2021-08-18T10:00:00+00:00,24.13,1.88,Srinagar
25.59,100,82.3,0.27,1005.81,2021-08-18T10:00:00+00:00,21.19,2.92,Mumbai
28.86,100,75.13,0.15,1003.81,2021-08-18T10:00:00+00:00,24.13,3.39,Chennai
25.96,100,59.5,0.31,1006.57,2021-08-18T10:00:00+00:00,19.44,4.57,Bangalore
22.09,100,90.83,0.2,1004.71,2021-08-18T10:00:00+00:00,16.15,4.87,Hyderabad
25.89,99.93,83.23,0,1002.05,2021-08-18T10:00:00+00:00,24.13,3.91,Bhopal
27.79,87.67,77,0.87,1000.62,2021-08-18T10:00:00+00:00,15.61,2.78,Ranchi
26.17,0,30.27,0,1003.27,2021-08-18T11:00:00+00:00,24.13,1.48,Srinagar
25.64,100,82.6,0.37,1005.54,2021-08-18T11:00:00+00:00,18.24,2.56,Mumbai
28.87,100,76.57,0.3,1003.75,2021-08-18T11:00:00+00:00,24.13,3.69,Chennai
25.07,100,65,0.61,1006.76,2021-08-18T11:00:00+00:00,14.74,4.07,Bangalore
22.24,100,90.07,0.1,1004.54,2021-08-18T11:00:00+00:00,20.14,4.74,Hyderabad
25.44,99.97,85.67,0,1001.73,2021-08-18T11:00:00+00:00,24.13,3.59,Bhopal
26.64,93.83,83.4,1.03,1000.76,2021-08-18T11:00:00+00:00,13.7,2.32,Ranchi
25.78,0,32.1,0,1002.83,2021-08-18T12:00:00+00:00,24.13,1.09,Srinagar
25.68,100,82.9,0.47,1005.27,2021-08-18T12:00:00+00:00,15.29,2.2,Mumbai
28.88,100,78,0.45,1003.69,2021-08-18T12:00:00+00:00,24.13,3.98,Chennai
24.18,100,70.5,0.91,1006.95,2021-08-18T12:00:00+00:00,10.05,3.57,Bangalore
22.38,100,89.3,0,1004.36,2021-08-18T12:00:00+00:00,24.13,4.61,Hyderabad
24.98,100,88.1,0,1001.41,2021-08-18T12:00:00+00:00,24.13,3.28,Bhopal
25.48,100,89.8,1.2,1000.89,2021-08-18T12:00:00+00:00,11.79,1.87,Ranchi
23.45,0,33.77,0,1003.82,2021-08-18T13:00:00+00:00,24.13,1.99,Srinagar
25.49,100,83.07,0.32,1005.76,2021-08-18T13:00:00+00:00,18.24,1.75,Mumbai
29.02,100,77.67,0.32,1004.09,2021-08-18T13:00:00+00:00,24.13,3.97,Chennai
23.59,100,72.97,0.68,1007.7,2021-08-18T13:00:00+00:00,14.15,4.07,Bangalore
21.92,100,89.97,0,1004.98,2021-08-18T13:00:00+00:00,24.13,4.77,Hyderabad
24.85,100,87.8,0,1001.61,2021-08-18T13:00:00+00:00,24.13,3.74,Bhopal
25.09,100,91.27,0.96,1001.59,2021-08-18T13:00:00+00:00,15.58,2.19,Ranchi
21.13,0,35.43,0,1004.8,2021-08-18T14:00:00+00:00,24.13,2.9,Srinagar
25.29,100,83.23,0.16,1006.26,2021-08-18T14:00:00+00:00,21.19,1.3,Mumbai
29.16,100,77.33,0.19,1004.49,2021-08-18T14:00:00+00:00,24.13,3.96,Chennai
22.99,100,75.43,0.45,1008.45,2021-08-18T14:00:00+00:00,18.26,4.58,Bangalore
21.46,100,90.63,0,1005.59,2021-08-18T14:00:00+00:00,24.13,4.94,Hyderabad
24.73,100,87.5,0,1001.81,2021-08-18T14:00:00+00:00,24.13,4.2,Bhopal
24.69,100,92.73,0.73,1002.29,2021-08-18T14:00:00+00:00,19.37,2.5,Ranchi
18.8,0,37.1,0,1005.79,2021-08-18T15:00:00+00:00,24.13,3.8,Srinagar
25.1,100,83.4,0,1006.76,2021-08-18T15:00:00+00:00,24.13,0.85,Mumbai
29.3,100,77,0.06,1004.88,2021-08-18T15:00:00+00:00,24.13,3.95,Chennai
22.4,100,77.9,0.22,1009.2,2021-08-18T15:00:00+00:00,22.37,5.08,Bangalore
21,100,91.3,0,1006.21,2021-08-18T15:00:00+00:00,24.13,5.1,Hyderabad
24.6,100,87.2,0,1002.01,2021-08-18T15:00:00+00:00,24.13,4.66,Bhopal
24.3,100,94.2,0.5,1002.98,2021-08-18T15:00:00+00:00,23.16,2.82,Ranchi
17.75,0,38.63,0,1006.21,2021-08-18T16:00:00+00:00,24.13,3.04,Srinagar
25.12,100,82.97,0.02,1006.72,2021-08-18T16:00:00+00:00,24.13,1.21,Mumbai
29.25,100,76.93,0.37,1004.85,2021-08-18T16:00:00+00:00,18.38,3.51,Chennai
22.05,100,79.7,0.15,1009.33,2021-08-18T16:00:00+00:00,22.96,5.13,Bangalore
20.92,100,91.83,0,1006.14,2021-08-18T16:00:00+00:00,24.13,4.86,Hyderabad
24.45,100,87.9,0.01,1002.17,2021-08-18T16:00:00+00:00,24.13,4.77,Bhopal
24.05,100,94.5,0.5,1002.9,2021-08-18T16:00:00+00:00,17.6,2.52,Ranchi
16.7,0,40.17,0,1006.63,2021-08-18T17:00:00+00:00,24.13,2.29,Srinagar
25.14,100,82.53,0.03,1006.67,2021-08-18T17:00:00+00:00,24.13,1.58,Mumbai
29.2,100,76.87,0.69,1004.82,2021-08-18T17:00:00+00:00,12.62,3.08,Chennai
21.7,100,81.5,0.07,1009.45,2021-08-18T17:00:00+00:00,23.55,5.17,Bangalore
20.84,100,92.37,0,1006.08,2021-08-18T17:00:00+00:00,24.13,4.63,Hyderabad
24.3,100,88.6,0.02,1002.34,2021-08-18T17:00:00+00:00,24.13,4.88,Bhopal
23.8,100,94.8,0.5,1002.82,2021-08-18T17:00:00+00:00,12.04,2.22,Ranchi
15.66,0,41.7,0.01,1007.05,2021-08-18T18:00:00+00:00,24.13,1.53,Srinagar
25.16,100,82.1,0.04,1006.63,2021-08-18T18:00:00+00:00,24.13,1.94,Mumbai
29.16,100,76.8,1,1004.78,2021-08-18T18:00:00+00:00,6.86,2.64,Chennai
21.36,100,83.3,0,1009.58,2021-08-18T18:00:00+00:00,24.13,5.22,Bangalore
20.76,100,92.9,0,1006.01,2021-08-18T18:00:00+00:00,24.13,4.39,Hyderabad
24.16,100,89.3,0.04,1002.5,2021-08-18T18:00:00+00:00,24.13,4.99,Bhopal
23.56,100,95.1,0.5,1002.74,2021-08-18T18:00:00+00:00,6.47,1.92,Ranchi
15.09,0,46.93,0,1007.3,2021-08-18T19:00:00+00:00,24.13,1.52,Srinagar
25.06,100,83.33,0.04,1006.15,2021-08-18T19:00:00+00:00,24.13,2.23,Mumbai
28.96,100,76.6,1.05,1004.48,2021-08-18T19:00:00+00:00,6.58,2.55,Chennai
21.09,100,84.27,0,1009.05,2021-08-18T19:00:00+00:00,24.13,5.25,Bangalore
21.13,100,91.67,0,1005.47,2021-08-18T19:00:00+00:00,24.13,4.48,Hyderabad
23.76,100,90.07,0.04,1002.48,2021-08-18T19:00:00+00:00,24.13,4.29,Bhopal
23.73,99.27,94.23,0.6,1002.21,2021-08-18T19:00:00+00:00,11.89,2.23,Ranchi
14.53,0,52.17,0,1007.55,2021-08-18T20:00:00+00:00,24.13,1.5,Srinagar
24.96,100,84.57,0.03,1005.66,2021-08-18T20:00:00+00:00,24.13,2.51,Mumbai
28.76,100,76.4,1.09,1004.18,2021-08-18T20:00:00+00:00,6.3,2.46,Chennai
20.83,100,85.23,0,1008.52,2021-08-18T20:00:00+00:00,24.13,5.28,Bangalore
21.49,100,90.43,0,1004.93,2021-08-18T20:00:00+00:00,24.13,4.56,Hyderabad
23.36,100,90.83,0.04,1002.45,2021-08-18T20:00:00+00:00,24.13,3.59,Bhopal
23.89,98.53,93.37,0.71,1001.67,2021-08-18T20:00:00+00:00,17.31,2.53,Ranchi
13.96,0,57.4,0,1007.8,2021-08-18T21:00:00+00:00,24.13,1.49,Srinagar
24.86,100,85.8,0.02,1005.18,2021-08-18T21:00:00+00:00,24.13,2.8,Mumbai
28.56,100,76.2,1.14,1003.88,2021-08-18T21:00:00+00:00,6.02,2.37,Chennai
20.56,100,86.2,0,1007.99,2021-08-18T21:00:00+00:00,24.13,5.31,Bangalore
21.86,100,89.2,0,1004.39,2021-08-18T21:00:00+00:00,24.13,4.65,Hyderabad
22.96,100,91.6,0.04,1002.43,2021-08-18T21:00:00+00:00,24.13,2.89,Bhopal
24.06,97.8,92.5,0.81,1001.14,2021-08-18T21:00:00+00:00,22.72,2.84,Ranchi
13.44,0,58.73,0,1008.09,2021-08-18T22:00:00+00:00,24.13,1.36,Srinagar
24.84,100,85.77,0.07,1005.19,2021-08-18T22:00:00+00:00,24.13,2.69,Mumbai
28.71,100,75.1,0.76,1004.14,2021-08-18T22:00:00+00:00,12.06,2.54,Chennai
20.41,100,86.77,0,1008.2,2021-08-18T22:00:00+00:00,24.13,5.1,Bangalore
21.78,100,88.97,0.01,1004.57,2021-08-18T22:00:00+00:00,24.13,4.79,Hyderabad
22.88,100,92.43,0.14,1002.67,2021-08-18T22:00:00+00:00,22.19,2.86,Bhopal
23.88,91.27,92.93,0.6,1001.42,2021-08-18T22:00:00+00:00,23.19,2.83,Ranchi
12.93,0,60.07,0,1008.38,2021-08-18T23:00:00+00:00,24.13,1.24,Srinagar
24.83,100,85.73,0.11,1005.2,2021-08-18T23:00:00+00:00,24.13,2.59,Mumbai
28.86,100,74,0.38,1004.4,2021-08-18T23:00:00+00:00,18.1,2.72,Chennai
20.26,100,87.33,0,1008.4,2021-08-18T23:00:00+00:00,24.13,4.9,Bangalore
21.69,100,88.73,0.02,1004.76,2021-08-18T23:00:00+00:00,24.13,4.92,Hyderabad
22.79,100,93.27,0.24,1002.91,2021-08-18T23:00:00+00:00,20.24,2.82,Bhopal
23.69,84.73,93.37,0.38,1001.7,2021-08-18T23:00:00+00:00,23.66,2.81,Ranchi
12.41,0,61.4,0,1008.67,2021-08-19T00:00:00+00:00,24.13,1.11,Srinagar
24.81,100,85.7,0.16,1005.21,2021-08-19T00:00:00+00:00,24.13,2.48,Mumbai
29.01,100,72.9,0,1004.65,2021-08-19T00:00:00+00:00,24.13,2.89,Chennai
20.11,100,87.9,0,1008.6,2021-08-19T00:00:00+00:00,24.13,4.69,Bangalore
21.61,100,88.5,0.03,1004.95,2021-08-19T00:00:00+00:00,24.13,5.06,Hyderabad
22.71,100,94.1,0.34,1003.15,2021-08-19T00:00:00+00:00,18.29,2.79,Bhopal
23.51,78.2,93.8,0.16,1001.98,2021-08-19T00:00:00+00:00,24.13,2.8,Ranchi
14.3,0,58.23,0,1008.96,2021-08-19T01:00:00+00:00,24.13,1.24,Srinagar
24.93,100,85.33,0.11,1005.93,2021-08-19T01:00:00+00:00,24.13,2.81,Mumbai
28.97,100,72.4,0,1005.45,2021-08-19T01:00:00+00:00,24.13,2.86,Chennai
20.3,100,86.4,0.01,1009.21,2021-08-19T01:00:00+00:00,24.13,4.86,Bangalore
22.03,100,86.07,0.02,1005.62,2021-08-19T01:00:00+00:00,24.13,5.38,Hyderabad
22.83,100,93.83,0.48,1004.01,2021-08-19T01:00:00+00:00,18.22,2.81,Bhopal
24.03,84.03,91.7,0.28,1002.61,2021-08-19T01:00:00+00:00,22.16,2.8,Ranchi
16.19,0,55.07,0,1009.25,2021-08-19T02:00:00+00:00,24.14,1.36,Srinagar
25.06,100,84.97,0.06,1006.64,2021-08-19T02:00:00+00:00,24.14,3.13,Mumbai
28.92,100,71.9,0,1006.24,2021-08-19T02:00:00+00:00,24.14,2.83,Chennai
20.49,100,84.9,0.02,1009.82,2021-08-19T02:00:00+00:00,24.14,5.04,Bangalore
22.46,100,83.63,0.01,1006.29,2021-08-19T02:00:00+00:00,24.14,5.71,Hyderabad
22.96,100,93.57,0.63,1004.87,2021-08-19T02:00:00+00:00,18.14,2.83,Bhopal
24.56,89.87,89.6,0.39,1003.24,2021-08-19T02:00:00+00:00,20.18,2.79,Ranchi
18.08,0,51.9,0,1009.55,2021-08-19T03:00:00+00:00,24.14,1.49,Srinagar
25.18,100,84.6,0.01,1007.35,2021-08-19T03:00:00+00:00,24.14,3.46,Mumbai
28.88,100,71.4,0.01,1007.04,2021-08-19T03:00:00+00:00,24.14,2.8,Chennai
20.68,100,83.4,0.03,1010.43,2021-08-19T03:00:00+00:00,24.14,5.21,Bangalore
22.88,100,81.2,0,1006.96,2021-08-19T03:00:00+00:00,24.14,6.03,Hyderabad
23.08,100,93.3,0.77,1005.73,2021-08-19T03:00:00+00:00,18.07,2.85,Bhopal
25.08,95.7,87.5,0.51,1003.87,2021-08-19T03:00:00+00:00,18.21,2.79,Ranchi
19.62,0,52.47,0,1009.02,2021-08-19T04:00:00+00:00,24.14,1.69,Srinagar
25.49,100,83.23,0.12,1007.47,2021-08-19T04:00:00+00:00,21.18,3.8,Mumbai
29.29,100,69.67,0,1006.82,2021-08-19T04:00:00+00:00,24.14,2.93,Chennai
22.49,100,74.9,0.02,1010.11,2021-08-19T04:00:00+00:00,24.14,5.38,Bangalore
23.69,98.93,78.73,0,1006.79,2021-08-19T04:00:00+00:00,24.14,6.54,Hyderabad
23.09,100,93.47,0.53,1005.53,2021-08-19T04:00:00+00:00,20.09,3.08,Bhopal
26.59,97.03,80.33,0.53,1003.71,2021-08-19T04:00:00+00:00,17.02,3.1,Ranchi
21.17,0,53.03,0,1008.49,2021-08-19T05:00:00+00:00,24.14,1.89,Srinagar
25.8,100,81.87,0.24,1007.58,2021-08-19T05:00:00+00:00,18.22,4.15,Mumbai
29.7,100,67.93,0,1006.61,2021-08-19T05:00:00+00:00,24.14,3.05,Chennai
24.3,100,66.4,0.01,1009.79,2021-08-19T05:00:00+00:00,24.14,5.55,Bangalore
24.5,97.87,76.27,0,1006.61,2021-08-19T05:00:00+00:00,24.14,7.05,Hyderabad
23.1,100,93.63,0.28,1005.34,2021-08-19T05:00:00+00:00,22.11,3.3,Bhopal
28.1,98.37,73.17,0.55,1003.56,2021-08-19T05:00:00+00:00,15.83,3.4,Ranchi
22.72,0,53.6,0,1007.96,2021-08-19T06:00:00+00:00,24.14,2.09,Srinagar
26.12,100,80.5,0.35,1007.7,2021-08-19T06:00:00+00:00,15.26,4.49,Mumbai
30.12,100,66.2,0,1006.39,2021-08-19T06:00:00+00:00,24.14,3.18,Chennai
26.12,100,57.9,0,1009.47,2021-08-19T06:00:00+00:00,24.14,5.72,Bangalore
25.32,96.8,73.8,0.01,1006.43,2021-08-19T06:00:00+00:00,24.14,7.56,Hyderabad
23.12,100,93.8,0.03,1005.15,2021-08-19T06:00:00+00:00,24.14,3.53,Bhopal
29.62,99.7,66,0.58,1003.4,2021-08-19T06:00:00+00:00,14.64,3.71,Ranchi
24.03,0,47.7,0,1006.6,2021-08-19T07:00:00+00:00,24.14,2.16,Srinagar
26.4,100,78.8,0.29,1006.98,2021-08-19T07:00:00+00:00,17.26,4.54,Mumbai
30.16,100,65.7,0,1005.45,2021-08-19T07:00:00+00:00,24.14,2.73,Chennai
26.33,100,56.33,0.01,1008.45,2021-08-19T07:00:00+00:00,24.14,5.49,Bangalore
25.8,97.87,72.17,0.06,1005.6,2021-08-19T07:00:00+00:00,24.04,7.33,Hyderabad
24.13,100,89.37,0.21,1004.31,2021-08-19T07:00:00+00:00,20.21,3.93,Bhopal
28.36,99.8,72.5,0.55,1002.83,2021-08-19T07:00:00+00:00,15.56,3.74,Ranchi
25.34,0,41.8,0,1005.23,2021-08-19T08:00:00+00:00,24.13,2.24,Srinagar
26.67,100,77.1,0.23,1006.27,2021-08-19T08:00:00+00:00,19.25,4.6,Mumbai
30.21,100,65.2,0,1004.51,2021-08-19T08:00:00+00:00,24.13,2.28,Chennai
26.54,100,54.77,0.01,1007.42,2021-08-19T08:00:00+00:00,24.13,5.25,Bangalore
26.27,98.93,70.53,0.11,1004.77,2021-08-19T08:00:00+00:00,23.95,7.09,Hyderabad
25.14,100,84.93,0.38,1003.48,2021-08-19T08:00:00+00:00,16.29,4.33,Bhopal
27.11,99.9,79,0.52,1002.27,2021-08-19T08:00:00+00:00,16.47,3.78,Ranchi
26.65,0,35.9,0,1003.86,2021-08-19T09:00:00+00:00,24.13,2.31,Srinagar
26.95,100,75.4,0.17,1005.55,2021-08-19T09:00:00+00:00,21.24,4.65,Mumbai
30.25,100,64.7,0,1003.57,2021-08-19T09:00:00+00:00,24.13,1.83,Chennai
26.75,100,53.2,0.02,1006.39,2021-08-19T09:00:00+00:00,24.13,5.02,Bangalore
26.75,100,68.9,0.16,1003.93,2021-08-19T09:00:00+00:00,23.86,6.86,Hyderabad
26.15,100,80.5,0.56,1002.65,2021-08-19T09:00:00+00:00,12.37,4.73,Bhopal
25.85,100,85.5,0.5,1001.7,2021-08-19T09:00:00+00:00,17.39,3.81,Ranchi
26.52,0,34.6,0,1003.34,2021-08-19T10:00:00+00:00,24.13,1.81,Srinagar
27.08,100,74.83,0.13,1005.4,2021-08-19T10:00:00+00:00,21.24,4.17,Mumbai
29.88,100,67.9,0.06,1003.73,2021-08-19T10:00:00+00:00,24.13,2.57,Chennai
26.15,100,56.57,0.05,1006.47,2021-08-19T10:00:00+00:00,21.69,5.3,Bangalore
26.22,100,71.03,0.11,1003.94,2021-08-19T10:00:00+00:00,23.95,6.66,Hyderabad
25.65,100,82.07,0.38,1002.46,2021-08-19T10:00:00+00:00,10.06,4.71,Bhopal
25.38,77.43,87.43,0.58,1001.87,2021-08-19T10:00:00+00:00,17.17,3.98,Ranchi
26.38,0,33.3,0,1002.81,2021-08-19T11:00:00+00:00,24.13,1.31,Srinagar
27.21,100,74.27,0.08,1005.25,2021-08-19T11:00:00+00:00,21.23,3.69,Mumbai
29.51,100,71.1,0.13,1003.89,2021-08-19T11:00:00+00:00,24.13,3.31,Chennai
25.55,100,59.93,0.09,1006.55,2021-08-19T11:00:00+00:00,19.25,5.58,Bangalore
25.68,100,73.17,0.05,1003.95,2021-08-19T11:00:00+00:00,24.04,6.47,Hyderabad
25.15,100,83.63,0.2,1002.27,2021-08-19T11:00:00+00:00,7.76,4.7,Bhopal
24.91,54.87,89.37,0.66,1002.04,2021-08-19T11:00:00+00:00,16.96,4.14,Ranchi
26.24,0,32,0,1002.28,2021-08-19T12:00:00+00:00,24.13,0.81,Srinagar
27.34,100,73.7,0.03,1005.1,2021-08-19T12:00:00+00:00,21.23,3.21,Mumbai
29.14,100,74.3,0.19,1004.05,2021-08-19T12:00:00+00:00,24.13,4.05,Chennai
24.94,100,63.3,0.13,1006.63,2021-08-19T12:00:00+00:00,16.81,5.86,Bangalore
25.14,100,75.3,0,1003.96,2021-08-19T12:00:00+00:00,24.13,6.27,Hyderabad
24.64,100,85.2,0.02,1002.08,2021-08-19T12:00:00+00:00,5.45,4.68,Bhopal
24.44,32.3,91.3,0.74,1002.21,2021-08-19T12:00:00+00:00,16.75,4.31,Ranchi
23.62,0,40.1,0,1003.56,2021-08-19T13:00:00+00:00,24.13,1.7,Srinagar
26.52,100,75.7,0.02,1005.78,2021-08-19T13:00:00+00:00,22.2,3.22,Mumbai
29.15,100,75.87,0.36,1004.47,2021-08-19T13:00:00+00:00,21.14,3.87,Chennai
24.05,100,67.43,0.09,1007.59,2021-08-19T13:00:00+00:00,19.25,5.56,Bangalore
24.15,100,79,0,1004.75,2021-08-19T13:00:00+00:00,24.13,6.03,Hyderabad
24.38,100,87.7,0.02,1002.34,2021-08-19T13:00:00+00:00,11.68,4.11,Bhopal
24.45,51.77,91.6,0.49,1002.9,2021-08-19T13:00:00+00:00,19.21,4.02,Ranchi
20.99,0,48.2,0,1004.84,2021-08-19T14:00:00+00:00,24.13,2.59,Srinagar
25.69,100,77.7,0.01,1006.46,2021-08-19T14:00:00+00:00,23.17,3.22,Mumbai
29.16,100,77.43,0.52,1004.89,2021-08-19T14:00:00+00:00,18.15,3.7,Chennai
23.16,100,71.57,0.04,1008.55,2021-08-19T14:00:00+00:00,21.69,5.26,Bangalore
23.16,100,82.7,0,1005.54,2021-08-19T14:00:00+00:00,24.13,5.79,Hyderabad
24.13,100,90.2,0.01,1002.61,2021-08-19T14:00:00+00:00,17.91,3.55,Bhopal
24.46,71.23,91.9,0.25,1003.59,2021-08-19T14:00:00+00:00,21.67,3.74,Ranchi
18.37,0,56.3,0,1006.12,2021-08-19T15:00:00+00:00,24.13,3.48,Srinagar
24.87,100,79.7,0,1007.13,2021-08-19T15:00:00+00:00,24.13,3.23,Mumbai
29.17,100,79,0.68,1005.31,2021-08-19T15:00:00+00:00,15.16,3.52,Chennai
22.27,100,75.7,0,1009.51,2021-08-19T15:00:00+00:00,24.13,4.96,Bangalore
22.17,100,86.4,0,1006.33,2021-08-19T15:00:00+00:00,24.13,5.55,Hyderabad
23.87,100,92.7,0,1002.87,2021-08-19T15:00:00+00:00,24.13,2.98,Bhopal
24.47,90.7,92.2,0,1004.27,2021-08-19T15:00:00+00:00,24.13,3.45,Ranchi
17.51,0.77,58.73,0,1006.65,2021-08-19T16:00:00+00:00,24.14,2.72,Srinagar
24.85,100,79.8,0,1007.24,2021-08-19T16:00:00+00:00,24.14,2.63,Mumbai
29.31,100,78.47,0.65,1005.34,2021-08-19T16:00:00+00:00,18.15,3.42,Chennai
21.91,99.97,78.1,0,1009.75,2021-08-19T16:00:00+00:00,24.14,4.58,Bangalore
21.98,100,87.27,0,1006.52,2021-08-19T16:00:00+00:00,24.14,5.39,Hyderabad
23.75,100,93,0.1,1003.1,2021-08-19T16:00:00+00:00,24.14,2.89,Bhopal
24.31,93.8,92.83,0,1004.22,2021-08-19T16:00:00+00:00,24.14,3.42,Ranchi
16.66,1.53,61.17,0,1007.19,2021-08-19T17:00:00+00:00,24.14,1.95,Srinagar
24.83,100,79.9,0,1007.34,2021-08-19T17:00:00+00:00,24.14,2.04,Mumbai
29.46,100,77.93,0.63,1005.36,2021-08-19T17:00:00+00:00,21.14,3.31,Chennai
21.56,99.93,80.5,0,1010,2021-08-19T17:00:00+00:00,24.14,4.21,Bangalore
21.79,100,88.13,0,1006.71,2021-08-19T17:00:00+00:00,24.14,5.24,Hyderabad
23.63,100,93.3,0.21,1003.32,2021-08-19T17:00:00+00:00,24.14,2.79,Bhopal
24.16,96.9,93.47,0.01,1004.16,2021-08-19T17:00:00+00:00,24.14,3.38,Ranchi
15.8,2.3,63.6,0.01,1007.72,2021-08-19T18:00:00+00:00,24.14,1.19,Srinagar
24.8,100,80,0,1007.44,2021-08-19T18:00:00+00:00,24.14,1.44,Mumbai
29.6,100,77.4,0.6,1005.39,2021-08-19T18:00:00+00:00,24.14,3.21,Chennai
21.2,99.9,82.9,0,1010.24,2021-08-19T18:00:00+00:00,24.14,3.83,Bangalore
21.6,100,89,0,1006.9,2021-08-19T18:00:00+00:00,24.14,5.08,Hyderabad
23.5,100,93.6,0.31,1003.54,2021-08-19T18:00:00+00:00,24.14,2.7,Bhopal
24,100,94.1,0.01,1004.11,2021-08-19T18:00:00+00:00,24.14,3.35,Ranchi
15.27,1.53,62.47,0,1008.03,2021-08-19T19:00:00+00:00,24.14,1.25,Srinagar
25,97.07,81.1,0.03,1006.69,2021-08-19T19:00:00+00:00,23.93,1.6,Mumbai
29.24,100,76.43,0.74,1004.86,2021-08-19T19:00:00+00:00,18.26,3.01,Chennai
20.84,92.87,84.33,0,1009.42,2021-08-19T19:00:00+00:00,24.14,3.92,Bangalore
21.67,100,89.47,0,1006.13,2021-08-19T19:00:00+00:00,24.14,4.78,Hyderabad
23.1,100,94.7,0.78,1003.22,2021-08-19T19:00:00+00:00,18.46,2.36,Bhopal
23.64,92.4,94.93,0.2,1003.85,2021-08-19T19:00:00+00:00,23.59,3,Ranchi
14.73,0.77,61.33,0,1008.34,2021-08-19T20:00:00+00:00,24.14,1.32,Srinagar
25.2,94.13,82.2,0.06,1005.94,2021-08-19T20:00:00+00:00,23.73,1.75,Mumbai
28.87,100,75.47,0.88,1004.34,2021-08-19T20:00:00+00:00,12.38,2.8,Chennai
20.47,85.83,85.77,0,1008.6,2021-08-19T20:00:00+00:00,24.14,4,Bangalore
21.73,100,89.93,0,1005.35,2021-08-19T20:00:00+00:00,24.14,4.48,Hyderabad
22.7,100,95.8,1.26,1002.89,2021-08-19T20:00:00+00:00,12.79,2.03,Bhopal
23.27,84.8,95.77,0.39,1003.59,2021-08-19T20:00:00+00:00,23.05,2.65,Ranchi
14.2,0,60.2,0,1008.66,2021-08-19T21:00:00+00:00,24.14,1.38,Srinagar
25.4,91.2,83.3,0.09,1005.18,2021-08-19T21:00:00+00:00,23.52,1.91,Mumbai
28.5,100,74.5,1.01,1003.81,2021-08-19T21:00:00+00:00,6.5,2.6,Chennai
20.1,78.8,87.2,0,1007.79,2021-08-19T21:00:00+00:00,24.14,4.09,Bangalore
21.8,100,90.4,0,1004.58,2021-08-19T21:00:00+00:00,24.14,4.18,Hyderabad
22.3,100,96.9,1.73,1002.57,2021-08-19T21:00:00+00:00,7.12,1.69,Bhopal
22.9,77.2,96.6,0.57,1003.32,2021-08-19T21:00:00+00:00,22.51,2.3,Ranchi
13.77,3.07,64.03,0,1008.97,2021-08-19T22:00:00+00:00,24.14,1.17,Srinagar
25.13,94.13,83.43,0.07,1005.12,2021-08-19T22:00:00+00:00,23.73,1.83,Mumbai
28.73,100,73.6,0.76,1004.2,2021-08-19T22:00:00+00:00,11.91,2.62,Chennai
20.2,85.87,86.77,0,1007.94,2021-08-19T22:00:00+00:00,24.14,3.64,Bangalore
21.77,99.83,89.7,0,1004.74,2021-08-19T22:00:00+00:00,24.14,4.13,Hyderabad
22.27,100,96.53,1.24,1002.77,2021-08-19T22:00:00+00:00,12.12,2.04,Bhopal
23.1,84.8,96.57,0.46,1003.58,2021-08-19T22:00:00+00:00,23.05,2.25,Ranchi
13.33,6.13,67.87,0,1009.29,2021-08-19T23:00:00+00:00,24.14,0.97,Srinagar
24.87,97.07,83.57,0.04,1005.06,2021-08-19T23:00:00+00:00,23.93,1.76,Mumbai
28.97,100,72.7,0.5,1004.58,2021-08-19T23:00:00+00:00,17.32,2.65,Chennai
20.3,92.93,86.33,0,1008.1,2021-08-19T23:00:00+00:00,24.14,3.19,Bangalore
21.73,99.67,89,0,1004.89,2021-08-19T23:00:00+00:00,24.14,4.09,Hyderabad
22.23,100,96.17,0.76,1002.96,2021-08-19T23:00:00+00:00,17.13,2.4,Bhopal
23.3,92.4,96.53,0.34,1003.83,2021-08-19T23:00:00+00:00,23.59,2.21,Ranchi
12.9,9.2,71.7,0,1009.6,2021-08-20T00:00:00+00:00,24.13,0.76,Srinagar
24.6,100,83.7,0.02,1005,2021-08-20T00:00:00+00:00,24.13,1.68,Mumbai
29.2,100,71.8,0.25,1004.97,2021-08-20T00:00:00+00:00,22.72,2.67,Chennai
20.4,100,85.9,0,1008.26,2021-08-20T00:00:00+00:00,24.13,2.74,Bangalore
21.7,99.5,88.3,0,1005.05,2021-08-20T00:00:00+00:00,24.13,4.04,Hyderabad
22.2,100,95.8,0.27,1003.16,2021-08-20T00:00:00+00:00,22.13,2.75,Bhopal
23.5,100,96.5,0.22,1004.08,2021-08-20T00:00:00+00:00,24.13,2.16,Ranchi
14.54,6.13,67.93,0,1009.93,2021-08-20T01:00:00+00:00,24.13,1,Srinagar
24.87,99.6,82.8,0.06,1005.82,2021-08-20T01:00:00+00:00,24.13,1.48,Mumbai
29.2,100,71.53,0.17,1005.8,2021-08-20T01:00:00+00:00,23.19,2.7,Chennai
20.68,100,84.4,0,1009.1,2021-08-20T01:00:00+00:00,24.13,2.96,Bangalore
22.38,99.57,85.03,0,1005.87,2021-08-20T01:00:00+00:00,24.13,4.27,Hyderabad
22.5,100,95.07,0.18,1003.86,2021-08-20T01:00:00+00:00,22.8,2.9,Bhopal
24.47,82.6,90.4,0.17,1004.79,2021-08-20T01:00:00+00:00,24.13,2.66,Ranchi
16.18,3.07,64.17,0,1010.27,2021-08-20T02:00:00+00:00,24.13,1.25,Srinagar
25.13,99.2,81.9,0.1,1006.64,2021-08-20T02:00:00+00:00,24.13,1.28,Mumbai
29.19,100,71.27,0.08,1006.63,2021-08-20T02:00:00+00:00,23.66,2.72,Chennai
20.96,100,82.9,0,1009.94,2021-08-20T02:00:00+00:00,24.13,3.18,Bangalore
23.06,99.63,81.77,0,1006.69,2021-08-20T02:00:00+00:00,24.13,4.51,Hyderabad
22.8,100,94.33,0.09,1004.56,2021-08-20T02:00:00+00:00,23.47,3.04,Bhopal
25.44,65.2,84.3,0.12,1005.49,2021-08-20T02:00:00+00:00,24.13,3.16,Ranchi
17.81,0,60.4,0,1010.6,2021-08-20T03:00:00+00:00,24.13,1.49,Srinagar
25.39,98.8,81,0.15,1007.46,2021-08-20T03:00:00+00:00,24.13,1.08,Mumbai
29.18,100,71,0,1007.46,2021-08-20T03:00:00+00:00,24.13,2.75,Chennai
21.24,100,81.4,0,1010.78,2021-08-20T03:00:00+00:00,24.13,3.4,Bangalore
23.73,99.7,78.5,0,1007.5,2021-08-20T03:00:00+00:00,24.13,4.74,Hyderabad
23.1,100,93.6,0,1005.26,2021-08-20T03:00:00+00:00,24.13,3.19,Bhopal
26.41,47.8,78.2,0.07,1006.19,2021-08-20T03:00:00+00:00,24.13,3.66,Ranchi
19.5,0.57,57.47,0,1009.94,2021-08-20T04:00:00+00:00,24.13,1.64,Srinagar
26.05,99.2,78.7,0.14,1007.52,2021-08-20T04:00:00+00:00,20.78,1.5,Mumbai
29.21,100,71,0.04,1007.35,2021-08-20T04:00:00+00:00,24.13,2.84,Chennai
22.79,100,73.63,0,1010.37,2021-08-20T04:00:00+00:00,24.13,3.65,Bangalore
25.01,99.37,72.97,0.06,1007.29,2021-08-20T04:00:00+00:00,24.13,4.91,Hyderabad
24.16,94.43,88.93,0.11,1005.36,2021-08-20T04:00:00+00:00,24.13,4.15,Bhopal
26.9,65.17,76.67,0.11,1006.06,2021-08-20T04:00:00+00:00,21.24,4.08,Ranchi
21.19,1.13,54.53,0,1009.27,2021-08-20T05:00:00+00:00,24.13,1.8,Srinagar
26.71,99.6,76.4,0.13,1007.58,2021-08-20T05:00:00+00:00,17.43,1.91,Mumbai
29.24,100,71,0.07,1007.23,2021-08-20T05:00:00+00:00,24.13,2.94,Chennai
24.33,100,65.87,0,1009.97,2021-08-20T05:00:00+00:00,24.13,3.9,Bangalore
26.29,99.03,67.43,0.12,1007.08,2021-08-20T05:00:00+00:00,24.13,5.07,Hyderabad
25.22,88.87,84.27,0.22,1005.46,2021-08-20T05:00:00+00:00,24.13,5.1,Bhopal
27.39,82.53,75.13,0.16,1005.93,2021-08-20T05:00:00+00:00,18.35,4.5,Ranchi
22.87,1.7,51.6,0,1008.61,2021-08-20T06:00:00+00:00,24.13,1.95,Srinagar
27.37,100,74.1,0.12,1007.64,2021-08-20T06:00:00+00:00,14.08,2.33,Mumbai
29.27,100,71,0.11,1007.12,2021-08-20T06:00:00+00:00,24.13,3.03,Chennai
25.87,100,58.1,0,1009.56,2021-08-20T06:00:00+00:00,24.13,4.15,Bangalore
27.57,98.7,61.9,0.18,1006.87,2021-08-20T06:00:00+00:00,24.13,5.24,Hyderabad
26.27,83.3,79.6,0.34,1005.56,2021-08-20T06:00:00+00:00,24.13,6.06,Bhopal
27.87,99.9,73.6,0.21,1005.8,2021-08-20T06:00:00+00:00,15.45,4.92,Ranchi
24.09,2.8,44.43,0,1007.73,2021-08-20T07:00:00+00:00,24.13,2.21,Srinagar
27.66,100,72.5,0.1,1006.93,2021-08-20T07:00:00+00:00,17.43,2.44,Mumbai
29.12,100,72.83,0.07,1006.28,2021-08-20T07:00:00+00:00,24.13,2.75,Chennai
26.56,100,54.63,0,1008.65,2021-08-20T07:00:00+00:00,24.13,3.81,Bangalore
27.76,91.57,60.97,0.13,1006.07,2021-08-20T07:00:00+00:00,24.13,5.5,Hyderabad
26.76,88.6,77.97,0.34,1004.71,2021-08-20T07:00:00+00:00,21.02,5.94,Bhopal
27.26,99.93,75.67,0.16,1005.43,2021-08-20T07:00:00+00:00,18.35,5.05,Ranchi
25.31,3.9,37.27,0,1006.85,2021-08-20T08:00:00+00:00,24.13,2.46,Srinagar
27.94,100,70.9,0.07,1006.23,2021-08-20T08:00:00+00:00,20.78,2.54,Mumbai
28.97,100,74.67,0.04,1005.45,2021-08-20T08:00:00+00:00,24.13,2.48,Chennai
27.24,100,51.17,0,1007.74,2021-08-20T08:00:00+00:00,24.13,3.48,Bangalore
27.94,84.43,60.03,0.07,1005.27,2021-08-20T08:00:00+00:00,24.13,5.75,Hyderabad
27.24,93.9,76.33,0.34,1003.85,2021-08-20T08:00:00+00:00,17.9,5.81,Bhopal
26.64,99.97,77.73,0.12,1005.05,2021-08-20T08:00:00+00:00,21.24,5.19,Ranchi
26.52,5,30.1,0,1005.97,2021-08-20T09:00:00+00:00,24.13,2.72,Srinagar
28.22,100,69.3,0.05,1005.52,2021-08-20T09:00:00+00:00,24.13,2.65,Mumbai
28.82,100,76.5,0,1004.61,2021-08-20T09:00:00+00:00,24.13,2.2,Chennai
27.92,100,47.7,0,1006.82,2021-08-20T09:00:00+00:00,24.13,3.14,Bangalore
28.12,77.3,59.1,0.02,1004.46,2021-08-20T09:00:00+00:00,24.13,6.01,Hyderabad
27.72,99.2,74.7,0.34,1003,2021-08-20T09:00:00+00:00,14.78,5.69,Bhopal
26.02,100,79.8,0.07,1004.68,2021-08-20T09:00:00+00:00,24.13,5.32,Ranchi
26.23,4.7,30.87,0,1005.89,2021-08-20T10:00:00+00:00,24.13,2.16,Srinagar
28.23,80.97,69.3,0.05,1005.53,2021-08-20T10:00:00+00:00,24.13,2.62,Mumbai
28.76,100,76.63,0,1004.79,2021-08-20T10:00:00+00:00,24.13,2.64,Chennai
27.16,100,51.73,0,1007.01,2021-08-20T10:00:00+00:00,24.13,3.48,Bangalore
27.69,84.87,61.57,0.06,1004.57,2021-08-20T10:00:00+00:00,24.13,5.73,Hyderabad
27.53,95.7,76.83,0.46,1002.95,2021-08-20T10:00:00+00:00,12.67,5.2,Bhopal
25.26,100,83.9,0.05,1005.07,2021-08-20T10:00:00+00:00,24.13,5.07,Ranchi
25.93,4.4,31.63,0,1005.81,2021-08-20T11:00:00+00:00,24.13,1.59,Srinagar
28.23,61.93,69.3,0.05,1005.54,2021-08-20T11:00:00+00:00,24.13,2.6,Mumbai
28.7,100,76.77,0,1004.96,2021-08-20T11:00:00+00:00,24.13,3.08,Chennai
26.4,100,55.77,0,1007.2,2021-08-20T11:00:00+00:00,24.13,3.83,Bangalore
27.26,92.43,64.03,0.09,1004.67,2021-08-20T11:00:00+00:00,24.13,5.44,Hyderabad
27.33,92.2,78.97,0.58,1002.9,2021-08-20T11:00:00+00:00,10.55,4.71,Bhopal
24.5,100,88,0.03,1005.45,2021-08-20T11:00:00+00:00,24.13,4.83,Ranchi
25.63,4.1,32.4,0,1005.73,2021-08-20T12:00:00+00:00,24.13,1.03,Srinagar
28.23,42.9,69.3,0.05,1005.55,2021-08-20T12:00:00+00:00,24.13,2.57,Mumbai
28.63,100,76.9,0,1005.13,2021-08-20T12:00:00+00:00,24.13,3.52,Chennai
25.63,100,59.8,0,1007.39,2021-08-20T12:00:00+00:00,24.13,4.17,Bangalore
26.83,100,66.5,0.13,1004.78,2021-08-20T12:00:00+00:00,24.13,5.16,Hyderabad
27.13,88.7,81.1,0.7,1002.86,2021-08-20T12:00:00+00:00,8.43,4.22,Bhopal
23.73,100,92.1,0.01,1005.84,2021-08-20T12:00:00+00:00,24.13,4.58,Ranchi
23.34,2.73,35.67,0,1006.8,2021-08-20T13:00:00+00:00,24.13,1.89,Srinagar
27.98,42,70.73,0.04,1006.18,2021-08-20T13:00:00+00:00,24.13,2.39,Mumbai
28.68,100,77.1,0,1005.59,2021-08-20T13:00:00+00:00,24.13,3.54,Chennai
25.28,100,61.43,0,1008.09,2021-08-20T13:00:00+00:00,24.13,3.89,Bangalore
26.24,100,69.07,0.09,1005.58,2021-08-20T13:00:00+00:00,24.13,4.47,Hyderabad
26.18,92.47,84.43,0.87,1003.51,2021-08-20T13:00:00+00:00,8.21,4.01,Bhopal
23.58,100,92.37,0.01,1006.54,2021-08-20T13:00:00+00:00,24.13,4.28,Ranchi
21.05,1.37,38.93,0,1007.86,2021-08-20T14:00:00+00:00,24.13,2.76,Srinagar
27.72,41.1,72.17,0.02,1006.82,2021-08-20T14:00:00+00:00,24.13,2.22,Mumbai
28.72,100,77.3,0,1006.04,2021-08-20T14:00:00+00:00,24.13,3.55,Chennai
24.92,100,63.07,0,1008.8,2021-08-20T14:00:00+00:00,24.13,3.61,Bangalore
25.65,100,71.63,0.04,1006.38,2021-08-20T14:00:00+00:00,24.13,3.79,Hyderabad
25.22,96.23,87.77,1.03,1004.17,2021-08-20T14:00:00+00:00,7.98,3.79,Bhopal
23.42,100,92.63,0.01,1007.24,2021-08-20T14:00:00+00:00,24.13,3.99,Ranchi
18.76,0,42.2,0,1008.93,2021-08-20T15:00:00+00:00,24.14,3.62,Srinagar
27.46,40.2,73.6,0.01,1007.45,2021-08-20T15:00:00+00:00,24.14,2.04,Mumbai
28.76,100,77.5,0,1006.5,2021-08-20T15:00:00+00:00,24.14,3.57,Chennai
24.56,100,64.7,0,1009.5,2021-08-20T15:00:00+00:00,24.14,3.33,Bangalore
25.06,100,74.2,0,1007.19,2021-08-20T15:00:00+00:00,24.14,3.1,Hyderabad
24.26,100,91.1,1.19,1004.83,2021-08-20T15:00:00+00:00,7.75,3.58,Bhopal
23.26,100,92.9,0.01,1007.95,2021-08-20T15:00:00+00:00,24.14,3.69,Ranchi
17.98,0,43.7,0,1009.53,2021-08-20T16:00:00+00:00,24.14,2.96,Srinagar
27.18,56.6,75.27,0.13,1007.69,2021-08-20T16:00:00+00:00,21.88,2.02,Mumbai
28.78,100,77.8,0.02,1006.71,2021-08-20T16:00:00+00:00,24.14,3.01,Chennai
23.95,100,68.67,0.05,1009.86,2021-08-20T16:00:00+00:00,24.14,3.28,Bangalore
24.78,100,75.97,0,1007.28,2021-08-20T16:00:00+00:00,24.14,3.13,Hyderabad
24.12,100,92.2,1.11,1004.98,2021-08-20T16:00:00+00:00,7.96,3.3,Bhopal
23.15,100,93.33,0.01,1008.08,2021-08-20T16:00:00+00:00,24.14,3.58,Ranchi
17.2,0,45.2,0,1010.12,2021-08-20T17:00:00+00:00,24.14,2.31,Srinagar
26.9,73,76.93,0.24,1007.92,2021-08-20T17:00:00+00:00,19.63,2,Mumbai
28.8,100,78.1,0.03,1006.93,2021-08-20T17:00:00+00:00,24.14,2.44,Chennai
23.34,100,72.63,0.1,1010.22,2021-08-20T17:00:00+00:00,24.14,3.22,Bangalore
24.5,100,77.73,0,1007.38,2021-08-20T17:00:00+00:00,24.14,3.15,Hyderabad
23.97,100,93.3,1.02,1005.14,2021-08-20T17:00:00+00:00,8.17,3.02,Bhopal
23.04,100,93.77,0.01,1008.21,2021-08-20T17:00:00+00:00,24.14,3.46,Ranchi
16.43,0,46.7,0,1010.72,2021-08-20T18:00:00+00:00,24.14,1.65,Srinagar
26.63,89.4,78.6,0.35,1008.16,2021-08-20T18:00:00+00:00,17.38,1.98,Mumbai
28.83,100,78.4,0.05,1007.14,2021-08-20T18:00:00+00:00,24.14,1.88,Chennai
22.73,100,76.6,0.14,1010.57,2021-08-20T18:00:00+00:00,24.14,3.17,Bangalore
24.23,100,79.5,0,1007.47,2021-08-20T18:00:00+00:00,24.14,3.18,Hyderabad
23.83,100,94.4,0.94,1005.29,2021-08-20T18:00:00+00:00,8.39,2.74,Bhopal
22.93,100,94.2,0.01,1008.34,2021-08-20T18:00:00+00:00,24.14,3.35,Ranchi
15.69,0,49.83,0,1011.03,2021-08-20T19:00:00+00:00,24.14,1.53,Srinagar
26.43,88.57,79.83,0.36,1007.54,2021-08-20T19:00:00+00:00,19.39,2.17,Mumbai
28.69,100,78.6,0.36,1006.5,2021-08-20T19:00:00+00:00,24.14,2.15,Chennai
22.39,100,78.57,0.1,1009.87,2021-08-20T19:00:00+00:00,24.14,3.1,Bangalore
24.03,99.87,80.4,0,1006.96,2021-08-20T19:00:00+00:00,24.14,3.1,Hyderabad
23.56,100,95.17,0.91,1004.93,2021-08-20T19:00:00+00:00,9.36,3.2,Bhopal
22.73,88.77,95.13,0.02,1008.11,2021-08-20T19:00:00+00:00,17.08,3.3,Ranchi
14.96,0,52.97,0,1011.35,2021-08-20T20:00:00+00:00,24.14,1.4,Srinagar
26.23,87.73,81.07,0.36,1006.93,2021-08-20T20:00:00+00:00,21.41,2.35,Mumbai
28.56,100,78.8,0.68,1005.86,2021-08-20T20:00:00+00:00,24.14,2.41,Chennai
22.06,100,80.53,0.05,1009.17,2021-08-20T20:00:00+00:00,24.14,3.03,Bangalore
23.83,99.73,81.3,0,1006.44,2021-08-20T20:00:00+00:00,24.14,3.03,Hyderabad
23.3,100,95.93,0.88,1004.56,2021-08-20T20:00:00+00:00,10.33,3.66,Bhopal
22.53,77.53,96.07,0.02,1007.88,2021-08-20T20:00:00+00:00,10.03,3.24,Ranchi
14.23,0,56.1,0,1011.66,2021-08-20T21:00:00+00:00,24.14,1.28,Srinagar
26.03,86.9,82.3,0.37,1006.32,2021-08-20T21:00:00+00:00,23.43,2.54,Mumbai
28.43,100,79,1,1005.22,2021-08-20T21:00:00+00:00,24.14,2.68,Chennai
21.73,100,82.5,0,1008.47,2021-08-20T21:00:00+00:00,24.14,2.96,Bangalore
23.63,99.6,82.2,0,1005.93,2021-08-20T21:00:00+00:00,24.14,2.95,Hyderabad
23.03,100,96.7,0.86,1004.2,2021-08-20T21:00:00+00:00,11.31,4.12,Bhopal
22.33,66.3,97,0.02,1007.65,2021-08-20T21:00:00+00:00,2.98,3.19,Ranchi
13.72,6.63,59.63,0,1011.65,2021-08-20T22:00:00+00:00,24.14,1.14,Srinagar
25.92,91.27,82.8,1.14,1006.28,2021-08-20T22:00:00+00:00,23.32,2.81,Mumbai
28.38,98.4,77.27,0.81,1005.72,2021-08-20T22:00:00+00:00,21.71,2.45,Chennai
21.48,78.33,83.57,0.01,1008.75,2021-08-20T22:00:00+00:00,24.14,2.55,Bangalore
23.42,99.73,83.63,0.33,1006.1,2021-08-20T22:00:00+00:00,24.14,2.85,Hyderabad
22.92,98.67,96.73,0.75,1004.27,2021-08-20T22:00:00+00:00,12.2,4.23,Bhopal
22.28,76.87,96.97,0.03,1007.95,2021-08-20T22:00:00+00:00,3.04,3.04,Ranchi
13.2,13.27,63.17,0,1011.63,2021-08-20T23:00:00+00:00,24.14,1.01,Srinagar
25.8,95.63,83.3,1.92,1006.24,2021-08-20T23:00:00+00:00,23.2,3.09,Mumbai
28.34,96.8,75.53,0.62,1006.22,2021-08-20T23:00:00+00:00,19.29,2.23,Chennai
21.24,56.67,84.63,0.01,1009.03,2021-08-20T23:00:00+00:00,24.14,2.15,Bangalore
23.2,99.87,85.07,0.67,1006.27,2021-08-20T23:00:00+00:00,24.14,2.74,Hyderabad
22.8,97.33,96.77,0.64,1004.33,2021-08-20T23:00:00+00:00,13.1,4.35,Bhopal
22.24,87.43,96.93,0.05,1008.25,2021-08-20T23:00:00+00:00,3.1,2.9,Ranchi
12.69,19.9,66.7,0,1011.62,2021-08-21T00:00:00+00:00,24.14,0.87,Srinagar
25.69,100,83.8,2.7,1006.2,2021-08-21T00:00:00+00:00,23.09,3.36,Mumbai
28.29,95.2,73.8,0.44,1006.71,2021-08-21T00:00:00+00:00,16.86,2,Chennai
20.99,35,85.7,0.01,1009.32,2021-08-21T00:00:00+00:00,24.14,1.74,Bangalore
22.99,100,86.5,1,1006.45,2021-08-21T00:00:00+00:00,24.14,2.64,Hyderabad
22.69,96,96.8,0.53,1004.4,2021-08-21T00:00:00+00:00,14,4.46,Bhopal
22.19,98,96.9,0.06,1008.55,2021-08-21T00:00:00+00:00,3.15,2.75,Ranchi
14.41,13.27,64.23,0,1012.2,2021-08-21T01:00:00+00:00,24.13,1.09,Srinagar
25.54,100,85.67,2.5,1006.89,2021-08-21T01:00:00+00:00,17.82,3.44,Mumbai
28.34,96.8,74.3,0.56,1007.41,2021-08-21T01:00:00+00:00,16.03,2.31,Chennai
21.71,56.27,80.5,0.01,1010.09,2021-08-21T01:00:00+00:00,24.13,1.84,Bangalore
23.54,100,84.7,0.67,1007.25,2021-08-21T01:00:00+00:00,24.13,2.96,Hyderabad
23.24,83.03,94.4,0.4,1005.36,2021-08-21T01:00:00+00:00,17.38,4.4,Bhopal
23.34,95.8,92.53,0.04,1008.75,2021-08-21T01:00:00+00:00,10.15,2.98,Ranchi
16.13,6.63,61.77,0,1012.78,2021-08-21T02:00:00+00:00,24.13,1.32,Srinagar
25.4,100,87.53,2.3,1007.58,2021-08-21T02:00:00+00:00,12.55,3.53,Mumbai
28.4,98.4,74.8,0.69,1008.11,2021-08-21T02:00:00+00:00,15.2,2.63,Chennai
22.43,77.53,75.3,0,1010.86,2021-08-21T02:00:00+00:00,24.13,1.95,Bangalore
24.1,100,82.9,0.34,1008.06,2021-08-21T02:00:00+00:00,24.13,3.29,Hyderabad
23.8,70.07,92,0.26,1006.33,2021-08-21T02:00:00+00:00,20.76,4.35,Bhopal
24.5,93.6,88.17,0.02,1008.95,2021-08-21T02:00:00+00:00,17.14,3.21,Ranchi
17.85,0,59.3,0,1013.36,2021-08-21T03:00:00+00:00,24.13,1.54,Srinagar
25.25,100,89.4,2.1,1008.27,2021-08-21T03:00:00+00:00,7.28,3.61,Mumbai
28.45,100,75.3,0.82,1008.81,2021-08-21T03:00:00+00:00,14.37,2.94,Chennai
23.15,98.8,70.1,0,1011.63,2021-08-21T03:00:00+00:00,24.13,2.05,Bangalore
24.65,100,81.1,0,1008.86,2021-08-21T03:00:00+00:00,24.13,3.61,Hyderabad
24.35,57.1,89.6,0.12,1007.3,2021-08-21T03:00:00+00:00,24.13,4.29,Bhopal
25.65,91.4,83.8,0,1009.15,2021-08-21T03:00:00+00:00,24.13,3.44,Ranchi
19.81,1.67,54.7,0.01,1012.37,2021-08-21T04:00:00+00:00,24.13,1.72,Srinagar
25.21,100,91.3,2.13,1008.32,2021-08-21T04:00:00+00:00,6.46,3.66,Mumbai
28.48,87.4,75.37,0.57,1008.9,2021-08-21T04:00:00+00:00,17.63,2.75,Chennai
24.74,70.37,62.9,0.01,1011.23,2021-08-21T04:00:00+00:00,24.13,2.44,Bangalore
25.74,100,76.6,0.48,1008.77,2021-08-21T04:00:00+00:00,18.74,3.4,Hyderabad
25.34,67.43,86.27,0.84,1007.06,2021-08-21T04:00:00+00:00,17.58,3.7,Bhopal
26.54,84.77,79.33,0.07,1009.02,2021-08-21T04:00:00+00:00,24.13,3.74,Ranchi
21.77,3.33,50.1,0.01,1011.37,2021-08-21T05:00:00+00:00,24.13,1.9,Srinagar
25.17,100,93.2,2.15,1008.37,2021-08-21T05:00:00+00:00,5.64,3.71,Mumbai
28.5,74.8,75.43,0.31,1009,2021-08-21T05:00:00+00:00,20.88,2.56,Chennai
26.33,41.93,55.7,0.02,1010.84,2021-08-21T05:00:00+00:00,24.13,2.83,Bangalore
26.83,100,72.1,0.95,1008.68,2021-08-21T05:00:00+00:00,13.35,3.2,Hyderabad
26.33,77.77,82.93,1.56,1006.83,2021-08-21T05:00:00+00:00,11.02,3.1,Bhopal
27.43,78.13,74.87,0.13,1008.89,2021-08-21T05:00:00+00:00,24.13,4.05,Ranchi
23.72,5,45.5,0.02,1010.38,2021-08-21T06:00:00+00:00,24.14,2.08,Srinagar
25.12,100,95.1,2.18,1008.42,2021-08-21T06:00:00+00:00,4.82,3.76,Mumbai
28.52,62.2,75.5,0.06,1009.09,2021-08-21T06:00:00+00:00,24.14,2.37,Chennai
27.92,13.5,48.5,0.03,1010.44,2021-08-21T06:00:00+00:00,24.14,3.22,Bangalore
27.92,100,67.6,1.43,1008.59,2021-08-21T06:00:00+00:00,7.95,2.99,Hyderabad
27.32,88.1,79.6,2.29,1006.6,2021-08-21T06:00:00+00:00,4.47,2.51,Bhopal
28.32,71.5,70.4,0.19,1008.76,2021-08-21T06:00:00+00:00,24.14,4.35,Ranchi
24.86,3.33,39.23,0.01,1009.25,2021-08-21T07:00:00+00:00,24.14,2.16,Srinagar
25.22,98.13,92.87,1.65,1007.93,2021-08-21T07:00:00+00:00,6.87,3.77,Mumbai
28.22,74.8,76.7,0.04,1008.14,2021-08-21T07:00:00+00:00,24.14,2.41,Chennai
28.22,42.33,47.17,0.05,1009.16,2021-08-21T07:00:00+00:00,22.77,2.89,Bangalore
27.96,100,67.77,1.45,1007.49,2021-08-21T07:00:00+00:00,12.54,3.42,Hyderabad
27.56,79.7,78.27,1.54,1005.82,2021-08-21T07:00:00+00:00,11.02,3,Bhopal
28.76,72.4,68.43,0.16,1007.74,2021-08-21T07:00:00+00:00,24.14,4.24,Ranchi
25.99,1.67,32.97,0.01,1008.13,2021-08-21T08:00:00+00:00,24.14,2.23,Srinagar
25.33,96.27,90.63,1.12,1007.44,2021-08-21T08:00:00+00:00,8.92,3.79,Mumbai
27.93,87.4,77.9,0.02,1007.19,2021-08-21T08:00:00+00:00,24.14,2.44,Chennai
28.53,71.17,45.83,0.06,1007.87,2021-08-21T08:00:00+00:00,21.4,2.56,Bangalore
27.99,100,67.93,1.47,1006.39,2021-08-21T08:00:00+00:00,17.13,3.84,Hyderabad
27.79,71.3,76.93,0.8,1005.05,2021-08-21T08:00:00+00:00,17.58,3.48,Bhopal
29.19,73.3,66.47,0.13,1006.72,2021-08-21T08:00:00+00:00,24.14,4.12,Ranchi
27.13,0,26.7,0,1007,2021-08-21T09:00:00+00:00,24.14,2.31,Srinagar
25.43,94.4,88.4,0.59,1006.95,2021-08-21T09:00:00+00:00,10.97,3.8,Mumbai
27.63,100,79.1,0.01,1006.25,2021-08-21T09:00:00+00:00,24.14,2.48,Chennai
28.83,100,44.5,0.07,1006.59,2021-08-21T09:00:00+00:00,20.03,2.23,Bangalore
28.03,100,68.1,1.5,1005.29,2021-08-21T09:00:00+00:00,21.72,4.27,Hyderabad
28.03,62.9,75.6,0.05,1004.27,2021-08-21T09:00:00+00:00,24.14,3.97,Bhopal
29.63,74.2,64.5,0.1,1005.7,2021-08-21T09:00:00+00:00,24.14,4.01,Ranchi
26.87,1.17,27.8,0,1006.77,2021-08-21T10:00:00+00:00,24.14,1.98,Srinagar
25.37,96.27,88.43,0.49,1007.11,2021-08-21T10:00:00+00:00,10.74,3.73,Mumbai
27.6,84.67,79.07,0.11,1006.34,2021-08-21T10:00:00+00:00,24.14,2.77,Chennai
28.44,100,46.97,0.09,1006.82,2021-08-21T10:00:00+00:00,21.4,2.11,Bangalore
27.27,100,72.03,1.04,1005.59,2021-08-21T10:00:00+00:00,22.52,4.34,Hyderabad
27.64,74.27,78.17,0.45,1004.16,2021-08-21T10:00:00+00:00,24.14,3.38,Bhopal
28.97,61.83,68.63,0.28,1005.81,2021-08-21T10:00:00+00:00,23.88,4.07,Ranchi
26.61,2.33,28.9,0,1006.54,2021-08-21T11:00:00+00:00,24.14,1.66,Srinagar
25.31,98.13,88.47,0.39,1007.26,2021-08-21T11:00:00+00:00,10.5,3.67,Mumbai
27.58,69.33,79.03,0.21,1006.44,2021-08-21T11:00:00+00:00,24.14,3.07,Chennai
28.04,100,49.43,0.12,1007.04,2021-08-21T11:00:00+00:00,22.77,1.98,Bangalore
26.51,100,75.97,0.58,1005.9,2021-08-21T11:00:00+00:00,23.33,4.42,Hyderabad
27.24,85.63,80.73,0.85,1004.05,2021-08-21T11:00:00+00:00,24.14,2.79,Bhopal
28.31,49.47,72.77,0.45,1005.92,2021-08-21T11:00:00+00:00,23.61,4.12,Ranchi
26.35,3.5,30,0,1006.31,2021-08-21T12:00:00+00:00,24.14,1.33,Srinagar
25.25,100,88.5,0.3,1007.41,2021-08-21T12:00:00+00:00,10.27,3.6,Mumbai
27.55,54,79,0.31,1006.54,2021-08-21T12:00:00+00:00,24.14,3.36,Chennai
27.65,100,51.9,0.14,1007.27,2021-08-21T12:00:00+00:00,24.14,1.86,Bangalore
25.75,100,79.9,0.12,1006.2,2021-08-21T12:00:00+00:00,24.14,4.49,Hyderabad
26.85,97,83.3,1.25,1003.93,2021-08-21T12:00:00+00:00,24.14,2.2,Bhopal
27.65,37.1,76.9,0.62,1006.02,2021-08-21T12:00:00+00:00,23.35,4.18,Ranchi
23.67,2.33,40.07,0,1007.46,2021-08-21T13:00:00+00:00,24.14,1.74,Srinagar
25.44,100,87.03,0.4,1007.85,2021-08-21T13:00:00+00:00,9.09,3.12,Mumbai
27.8,42.5,79.53,0.74,1007.12,2021-08-21T13:00:00+00:00,17.67,3.11,Chennai
27.04,100,53.8,0.23,1008.15,2021-08-21T13:00:00+00:00,23.04,2.17,Bangalore
25.44,100,79.57,0.13,1007.03,2021-08-21T13:00:00+00:00,24.14,4.13,Hyderabad
26.37,98,84.33,0.83,1004.55,2021-08-21T13:00:00+00:00,24.14,2.14,Bhopal
26.8,32.9,80.6,0.42,1006.68,2021-08-21T13:00:00+00:00,23.61,3.68,Ranchi
20.99,1.17,50.13,0,1008.61,2021-08-21T14:00:00+00:00,24.14,2.16,Srinagar
25.62,100,85.57,0.51,1008.3,2021-08-21T14:00:00+00:00,7.91,2.64,Mumbai
28.06,31,80.07,1.16,1007.7,2021-08-21T14:00:00+00:00,11.2,2.86,Chennai
26.42,100,55.7,0.33,1009.04,2021-08-21T14:00:00+00:00,21.94,2.49,Bangalore
25.12,100,79.23,0.14,1007.86,2021-08-21T14:00:00+00:00,24.14,3.77,Hyderabad
25.89,99,85.37,0.42,1005.17,2021-08-21T14:00:00+00:00,24.14,2.07,Bhopal
25.96,28.7,84.3,0.21,1007.34,2021-08-21T14:00:00+00:00,23.87,3.19,Ranchi
18.31,0,60.2,0,1009.76,2021-08-21T15:00:00+00:00,24.14,2.57,Srinagar
25.81,100,84.1,0.61,1008.74,2021-08-21T15:00:00+00:00,6.72,2.16,Mumbai
28.31,19.5,80.6,1.59,1008.27,2021-08-21T15:00:00+00:00,4.73,2.61,Chennai
25.81,100,57.6,0.42,1009.93,2021-08-21T15:00:00+00:00,20.84,2.8,Bangalore
24.81,100,78.9,0.15,1008.68,2021-08-21T15:00:00+00:00,24.14,3.41,Hyderabad
25.41,100,86.4,0,1005.78,2021-08-21T15:00:00+00:00,24.14,2.01,Bhopal
25.11,24.5,88,0,1008.01,2021-08-21T15:00:00+00:00,24.14,2.69,Ranchi
17.63,1.03,60.77,0,1010.41,2021-08-21T16:00:00+00:00,24.13,2.14,Srinagar
25.83,100,82.67,0.42,1009.04,2021-08-21T16:00:00+00:00,12.53,2.3,Mumbai
28.43,22.7,79.23,1.1,1008.59,2021-08-21T16:00:00+00:00,11.2,2.4,Chennai
25.19,99.53,61.3,0.78,1010.43,2021-08-21T16:00:00+00:00,19.12,2.69,Bangalore
24.53,100,80.1,0.1,1008.88,2021-08-21T16:00:00+00:00,24.13,3.33,Hyderabad
24.99,92.87,88.63,0,1006.15,2021-08-21T16:00:00+00:00,24.13,2.31,Bhopal
24.93,49.63,87.9,0.08,1008.14,2021-08-21T16:00:00+00:00,24.13,2.62,Ranchi
16.95,2.07,61.33,0,1011.05,2021-08-21T17:00:00+00:00,24.13,1.7,Srinagar
25.85,100,81.23,0.22,1009.34,2021-08-21T17:00:00+00:00,18.33,2.45,Mumbai
28.55,25.9,77.87,0.62,1008.92,2021-08-21T17:00:00+00:00,17.67,2.2,Chennai
24.58,99.07,65,1.14,1010.94,2021-08-21T17:00:00+00:00,17.4,2.58,Bangalore
24.25,100,81.3,0.05,1009.08,2021-08-21T17:00:00+00:00,24.13,3.26,Hyderabad
24.58,85.73,90.87,0,1006.51,2021-08-21T17:00:00+00:00,24.13,2.61,Bhopal
24.75,74.77,87.8,0.15,1008.28,2021-08-21T17:00:00+00:00,24.13,2.56,Ranchi
16.27,3.1,61.9,0,1011.69,2021-08-21T18:00:00+00:00,24.13,1.27,Srinagar
25.87,100,79.8,0.03,1009.64,2021-08-21T18:00:00+00:00,24.13,2.59,Mumbai
28.67,29.1,76.5,0.13,1009.24,2021-08-21T18:00:00+00:00,24.13,1.99,Chennai
23.97,98.6,68.7,1.5,1011.45,2021-08-21T18:00:00+00:00,15.68,2.47,Bangalore
23.97,100,82.5,0,1009.27,2021-08-21T18:00:00+00:00,24.13,3.18,Hyderabad
24.17,78.6,93.1,0,1006.87,2021-08-21T18:00:00+00:00,24.13,2.91,Bhopal
24.57,99.9,87.7,0.23,1008.42,2021-08-21T18:00:00+00:00,24.13,2.49,Ranchi
15.77,3.73,63.87,0,1011.93,2021-08-21T19:00:00+00:00,24.13,1.11,Srinagar
25.77,100,79.6,0.03,1008.8,2021-08-21T19:00:00+00:00,24.13,2.85,Mumbai
28.57,35.93,76.9,0.09,1008.58,2021-08-21T19:00:00+00:00,24.13,1.94,Chennai
23.2,99.07,73.3,1.39,1010.94,2021-08-21T19:00:00+00:00,14.36,2.54,Bangalore
23.9,100,82.8,0,1008.67,2021-08-21T19:00:00+00:00,24.13,3.49,Hyderabad
23.93,69.7,94.17,0.01,1006.55,2021-08-21T19:00:00+00:00,24.13,3.06,Bhopal
24.33,99.63,88.53,0.55,1008,2021-08-21T19:00:00+00:00,20.36,2.75,Ranchi
15.27,4.37,65.83,0,1012.16,2021-08-21T20:00:00+00:00,24.14,0.95,Srinagar
25.67,100,79.4,0.02,1007.95,2021-08-21T20:00:00+00:00,24.14,3.1,Mumbai
28.47,42.77,77.3,0.04,1007.93,2021-08-21T20:00:00+00:00,24.14,1.89,Chennai
22.43,99.53,77.9,1.29,1010.44,2021-08-21T20:00:00+00:00,13.05,2.61,Bangalore
23.83,100,83.1,0,1008.07,2021-08-21T20:00:00+00:00,24.14,3.81,Hyderabad
23.7,60.8,95.23,0.01,1006.22,2021-08-21T20:00:00+00:00,24.14,3.2,Bhopal
24.1,99.37,89.37,0.87,1007.59,2021-08-21T20:00:00+00:00,16.59,3,Ranchi
14.77,5,67.8,0,1012.39,2021-08-21T21:00:00+00:00,24.14,0.79,Srinagar
25.57,100,79.2,0.02,1007.1,2021-08-21T21:00:00+00:00,24.14,3.36,Mumbai
28.37,49.6,77.7,0,1007.28,2021-08-21T21:00:00+00:00,24.14,1.84,Chennai
21.67,100,82.5,1.19,1009.94,2021-08-21T21:00:00+00:00,11.74,2.68,Bangalore
23.77,100,83.4,0,1007.47,2021-08-21T21:00:00+00:00,24.14,4.12,Hyderabad
23.47,51.9,96.3,0.01,1005.89,2021-08-21T21:00:00+00:00,24.14,3.35,Bhopal
23.87,99.1,90.2,1.19,1007.17,2021-08-21T21:00:00+00:00,12.82,3.26,Ranchi
14.31,4.83,70.13,0,1012.26,2021-08-21T22:00:00+00:00,24.14,0.77,Srinagar
25.44,100,80.13,0.02,1007.24,2021-08-21T22:00:00+00:00,24.14,3.5,Mumbai
28.34,54.27,77.47,0,1007.38,2021-08-21T22:00:00+00:00,24.14,1.69,Chennai
21.14,100,85.03,2.05,1010.34,2021-08-21T22:00:00+00:00,9.59,2.92,Bangalore
23.51,100,85.43,0,1007.7,2021-08-21T22:00:00+00:00,24.14,3.64,Hyderabad
23.21,55.87,96.43,0.01,1005.9,2021-08-21T22:00:00+00:00,24.14,3.11,Bhopal
23.74,93.67,91.17,0.79,1007.16,2021-08-21T22:00:00+00:00,16.59,3.14,Ranchi
13.85,4.67,72.47,0,1012.14,2021-08-21T23:00:00+00:00,24.13,0.75,Srinagar
25.32,100,81.07,0.01,1007.37,2021-08-21T23:00:00+00:00,24.13,3.63,Mumbai
28.32,58.93,77.23,0,1007.48,2021-08-21T23:00:00+00:00,24.13,1.53,Chennai
20.62,100,87.57,2.92,1010.74,2021-08-21T23:00:00+00:00,7.44,3.17,Bangalore
23.25,100,87.47,0,1007.93,2021-08-21T23:00:00+00:00,24.13,3.15,Hyderabad
22.95,59.83,96.57,0,1005.92,2021-08-21T23:00:00+00:00,24.13,2.87,Bhopal
23.62,88.23,92.13,0.4,1007.15,2021-08-21T23:00:00+00:00,20.36,3.02,Ranchi
26.88,15.4,37.2,0.03,1003.97,2021-08-22T12:00:00+00:00,24.13,1.36,Srinagar
27.28,65.1,78.6,0.15,1006.76,2021-08-22T12:00:00+00:00,24.13,2.99,Mumbai
28.38,63,78.5,0.21,1005.25,2021-08-22T12:00:00+00:00,24.13,3.23,Chennai
27.68,100,54.8,0.87,1006.59,2021-08-22T12:00:00+00:00,21.45,1.42,Bangalore
28.98,94.6,59.9,0.05,1005.39,2021-08-22T12:00:00+00:00,24.13,3.28,Hyderabad
27.58,100,80,0.16,1004.16,2021-08-22T12:00:00+00:00,23.5,3.66,Bhopal
28.68,61.9,73.2,0.45,1004.18,2021-08-22T12:00:00+00:00,23.43,0.87,Ranchi
24.31,10.27,46.47,0.02,1004.97,2021-08-22T13:00:00+00:00,24.13,1.66,Srinagar
27.11,58.03,79.27,0.18,1007.26,2021-08-22T13:00:00+00:00,22.52,3.01,Mumbai
28.31,50.2,78.3,0.36,1006.31,2021-08-22T13:00:00+00:00,24.13,2.89,Chennai
26.58,100,59.67,1.72,1007.43,2021-08-22T13:00:00+00:00,16.03,2.13,Bangalore
28.24,93.1,62.57,0.12,1006.22,2021-08-22T13:00:00+00:00,24.13,3.23,Hyderabad
26.78,100,83.17,0.1,1004.81,2021-08-22T13:00:00+00:00,23.71,3.45,Bhopal
27.78,68.3,76.2,0.75,1004.92,2021-08-22T13:00:00+00:00,20.82,0.88,Ranchi
21.74,5.13,55.73,0.01,1005.98,2021-08-22T14:00:00+00:00,24.13,1.96,Srinagar
26.94,50.97,79.93,0.21,1007.75,2021-08-22T14:00:00+00:00,20.91,3.03,Mumbai
28.24,37.4,78.1,0.52,1007.37,2021-08-22T14:00:00+00:00,24.13,2.56,Chennai
25.48,100,64.53,2.56,1008.27,2021-08-22T14:00:00+00:00,10.61,2.83,Bangalore
27.51,91.6,65.23,0.19,1007.04,2021-08-22T14:00:00+00:00,24.13,3.19,Hyderabad
25.98,100,86.33,0.05,1005.46,2021-08-22T14:00:00+00:00,23.92,3.25,Bhopal
26.88,74.7,79.2,1.04,1005.66,2021-08-22T14:00:00+00:00,18.21,0.88,Ranchi
17.07,4.1,75.3,0,1009.57,2021-08-23T02:00:00+00:00,24.14,1.35,Srinagar
25.77,83.3,84.8,0.02,1008.78,2021-08-23T02:00:00+00:00,24.14,4.49,Mumbai
28.34,56.9,76.6,0.3,1008.79,2021-08-23T02:00:00+00:00,24.14,1.85,Chennai
22.41,14.57,82.07,0.01,1011.26,2021-08-23T02:00:00+00:00,24.14,2.62,Bangalore
25.14,49.2,76.2,0,1009.34,2021-08-23T02:00:00+00:00,24.14,1.94,Hyderabad
24.64,42.47,88.93,0.02,1007.39,2021-08-23T02:00:00+00:00,24.14,4.14,Bhopal
26.74,70.97,77.13,0.5,1006.83,2021-08-23T02:00:00+00:00,16.84,3.11,Ranchi
18.62,3.6,71.7,0,1009.88,2021-08-23T03:00:00+00:00,24.14,1.69,Srinagar
26.12,100,83.2,0.01,1009.42,2021-08-23T03:00:00+00:00,24.14,4.52,Mumbai
28.52,45.1,76.3,0.25,1009.61,2021-08-23T03:00:00+00:00,24.14,2.17,Chennai
23.22,7.8,77.4,0,1011.94,2021-08-23T03:00:00+00:00,24.14,2.75,Bangalore
25.82,51.5,74.3,0,1010.05,2021-08-23T03:00:00+00:00,24.14,2.08,Hyderabad
25.42,29,85.4,0,1008.08,2021-08-23T03:00:00+00:00,24.14,4.64,Bhopal
28.02,58,71.6,0.48,1007.45,2021-08-23T03:00:00+00:00,13.2,3.18,Ranchi
20.43,3.77,65.57,0.01,1008.99,2021-08-23T04:00:00+00:00,24.14,1.88,Srinagar
26.93,70.93,80.17,0.02,1009.43,2021-08-23T04:00:00+00:00,24.14,4.63,Mumbai
28.53,38.87,75.97,0.23,1009.44,2021-08-23T04:00:00+00:00,24.14,2.26,Chennai
24.53,27.5,71.07,0.1,1011.42,2021-08-23T04:00:00+00:00,24.14,2.45,Bangalore
27.27,63.13,67.47,0,1009.6,2021-08-23T04:00:00+00:00,24.14,2.31,Hyderabad
26.37,47.4,81.87,0.13,1007.83,2021-08-23T04:00:00+00:00,24.14,4.74,Bhopal
28.8,72,68.13,0.69,1007.12,2021-08-23T04:00:00+00:00,16.18,3.02,Ranchi
22.24,3.93,59.43,0.03,1008.09,2021-08-23T05:00:00+00:00,24.14,2.06,Srinagar
27.74,41.87,77.13,0.03,1009.44,2021-08-23T05:00:00+00:00,24.14,4.74,Mumbai
28.54,32.63,75.63,0.24,1009.28,2021-08-23T05:00:00+00:00,24.14,2.35,Chennai
25.84,47.2,64.73,0.2,1010.91,2021-08-23T05:00:00+00:00,24.14,2.15,Bangalore
28.71,74.77,60.63,0,1009.15,2021-08-23T05:00:00+00:00,24.14,2.55,Hyderabad
27.31,65.8,78.33,0.27,1007.57,2021-08-23T05:00:00+00:00,24.14,4.85,Bhopal
29.58,86,64.67,0.91,1006.78,2021-08-23T05:00:00+00:00,19.17,2.86,Ranchi
24.06,4.1,53.3,0.04,1007.2,2021-08-23T06:00:00+00:00,24.13,2.25,Srinagar
28.56,12.8,74.1,0.05,1009.46,2021-08-23T06:00:00+00:00,24.13,4.85,Mumbai
28.56,26.4,75.3,0,1009.11,2021-08-23T06:00:00+00:00,24.13,2.44,Chennai
27.16,66.9,58.4,0.3,1010.39,2021-08-23T06:00:00+00:00,24.13,1.85,Bangalore
30.16,86.4,53.8,0,1008.7,2021-08-23T06:00:00+00:00,24.13,2.78,Hyderabad
28.26,84.2,74.8,0.4,1007.32,2021-08-23T06:00:00+00:00,24.13,4.95,Bhopal
30.36,100,61.2,1.13,1006.45,2021-08-23T06:00:00+00:00,22.15,2.7,Ranchi
25.55,2.73,47.37,0.04,1005.52,2021-08-23T07:00:00+00:00,24.13,2.23,Srinagar
28.39,11.1,75.07,0.04,1008.61,2021-08-23T07:00:00+00:00,24.13,4.85,Mumbai
28.52,50.93,75.2,0,1007.84,2021-08-23T07:00:00+00:00,24.13,2.69,Chennai
27.52,75,56.53,0.42,1009.15,2021-08-23T07:00:00+00:00,19.86,1.51,Bangalore
30.72,90.93,51.5,0,1007.43,2021-08-23T07:00:00+00:00,24.13,2.87,Hyderabad
28.39,89.47,74.43,0.6,1006.44,2021-08-23T07:00:00+00:00,24.13,5.03,Bhopal
30.65,95.47,60.7,1.04,1005.4,2021-08-23T07:00:00+00:00,20,2.83,Ranchi
27.05,1.37,41.43,0.05,1003.84,2021-08-23T08:00:00+00:00,24.13,2.21,Srinagar
28.22,9.4,76.03,0.04,1007.76,2021-08-23T08:00:00+00:00,24.13,4.86,Mumbai
28.49,75.47,75.1,0,1006.57,2021-08-23T08:00:00+00:00,24.13,2.94,Chennai
27.89,83.1,54.67,0.54,1007.9,2021-08-23T08:00:00+00:00,15.58,1.16,Bangalore
31.29,95.47,49.2,0.01,1006.16,2021-08-23T08:00:00+00:00,24.13,2.95,Hyderabad
28.52,94.73,74.07,0.8,1005.56,2021-08-23T08:00:00+00:00,24.13,5.1,Bhopal
30.95,90.93,60.2,0.95,1004.34,2021-08-23T08:00:00+00:00,17.84,2.97,Ranchi
28.55,0,35.5,0.05,1002.15,2021-08-23T09:00:00+00:00,24.13,2.19,Srinagar
28.05,7.7,77,0.04,1006.91,2021-08-23T09:00:00+00:00,24.13,4.86,Mumbai
28.45,100,75,0,1005.3,2021-08-23T09:00:00+00:00,24.13,3.19,Chennai
28.25,91.2,52.8,0.66,1006.66,2021-08-23T09:00:00+00:00,11.3,0.82,Bangalore
31.85,100,46.9,0.01,1004.89,2021-08-23T09:00:00+00:00,24.13,3.04,Hyderabad
28.65,100,73.7,1,1004.68,2021-08-23T09:00:00+00:00,24.13,5.18,Bhopal
31.25,86.4,59.7,0.86,1003.28,2021-08-23T09:00:00+00:00,15.68,3.1,Ranchi
27.9,0.83,37.53,0.05,1002.3,2021-08-23T10:00:00+00:00,24.13,1.77,Srinagar
28,18.53,77,0.27,1006.87,2021-08-23T10:00:00+00:00,22.47,4.01,Mumbai
28.5,91.13,75.97,0.01,1005.45,2021-08-23T10:00:00+00:00,24.13,3.67,Chennai
27.97,84.63,54.07,0.8,1006.86,2021-08-23T10:00:00+00:00,15.58,1.14,Bangalore
31.07,99.97,50.77,0.07,1005.15,2021-08-23T10:00:00+00:00,18.88,2.96,Hyderabad
28.23,100,76.2,0.75,1004.65,2021-08-23T10:00:00+00:00,23.91,4.66,Bhopal
29.93,90.93,65.83,0.84,1003.52,2021-08-23T10:00:00+00:00,18.5,2.73,Ranchi
16.01,0,84.07,0,1007.83,2021-08-24T01:00:00+00:00,24.14,0.91,Srinagar
25.74,97.87,85.73,0.03,1008.34,2021-08-24T01:00:00+00:00,24.05,4.32,Mumbai
28.21,22,76.87,0,1007.56,2021-08-24T01:00:00+00:00,24.14,2.43,Chennai
21.34,82.5,85.43,0.2,1011.04,2021-08-24T01:00:00+00:00,24.14,3.24,Bangalore
25.34,98.3,73.27,0.14,1008.08,2021-08-24T01:00:00+00:00,24.14,0.9,Hyderabad
24.17,82.43,91.5,0,1005.96,2021-08-24T01:00:00+00:00,24.14,4.09,Bhopal
25.87,83.17,82.07,0.38,1004.89,2021-08-24T01:00:00+00:00,20.55,3.09,Ranchi
17.61,71.56,79.73,0,1007.9,2021-08-24T02:00:00+00:00,24.14,1.44,Srinagar
26.08,98.93,83.97,0.03,1008.98,2021-08-24T02:00:00+00:00,24.09,4.16,Mumbai
28.11,13.5,76.73,0,1008.23,2021-08-24T02:00:00+00:00,24.14,2.49,Chennai
21.88,76,82.27,0.2,1011.42,2021-08-24T02:00:00+00:00,24.14,3.26,Bangalore
26.18,97.7,70.23,0.11,1008.58,2021-08-24T02:00:00+00:00,24.14,1.81,Hyderabad
24.94,82.67,88.4,0,1006.55,2021-08-24T02:00:00+00:00,24.14,4.69,Bhopal
27.04,66.83,77.33,0.63,1005.24,2021-08-24T02:00:00+00:00,16.97,3.44,Ranchi
17.61,71.23,79.73,0,1007.9,2021-08-24T02:00:00+00:00,24.14,1.44,Srinagar
26.08,98.93,83.97,0.03,1008.98,2021-08-24T02:00:00+00:00,24.09,4.16,Mumbai
28.11,13.5,76.73,0,1008.23,2021-08-24T02:00:00+00:00,24.14,2.49,Chennai
21.88,76,82.27,0.2,1011.42,2021-08-24T02:00:00+00:00,24.14,3.26,Bangalore
26.18,97.7,70.23,0.11,1008.58,2021-08-24T02:00:00+00:00,24.14,1.81,Hyderabad
24.94,82.67,88.4,0,1006.55,2021-08-24T02:00:00+00:00,24.14,4.69,Bhopal
27.04,66.83,77.33,0.63,1005.24,2021-08-24T02:00:00+00:00,16.97,3.44,Ranchi
20.96,0.33,68.97,0.01,1007.09,2021-08-24T04:00:00+00:00,24.13,1.96,Srinagar
27.06,72,79.37,0.02,1009.49,2021-08-24T04:00:00+00:00,24.13,4.23,Mumbai
28.23,5.3,76.1,0,1008.41,2021-08-24T04:00:00+00:00,24.13,2.31,Chennai
23.7,70.7,73.67,0.18,1011.25,2021-08-24T04:00:00+00:00,24.13,3.27,Bangalore
28.06,98.07,63.17,0.09,1008.64,2021-08-24T04:00:00+00:00,24.13,2.95,Hyderabad
26.66,86.8,82.13,0.04,1006.87,2021-08-24T04:00:00+00:00,24.13,5.64,Bhopal
29.16,64.8,68.63,1.01,1005.12,2021-08-24T04:00:00+00:00,11.05,3.47,Ranchi
22.72,0.67,62.53,0.02,1006.21,2021-08-24T05:00:00+00:00,24.13,1.97,Srinagar
27.72,44,76.53,0.02,1009.36,2021-08-24T05:00:00+00:00,24.13,4.47,Mumbai
28.45,5.6,75.6,0.01,1007.92,2021-08-24T05:00:00+00:00,24.13,2.09,Chennai
24.98,71.9,68.23,0.14,1010.71,2021-08-24T05:00:00+00:00,24.13,3.26,Bangalore
29.12,99.03,59.13,0.09,1008.19,2021-08-24T05:00:00+00:00,24.13,3.19,Hyderabad
27.62,90.7,78.97,0.09,1006.6,2021-08-24T05:00:00+00:00,24.13,6.01,Bhopal
30.12,79.1,64.67,1.14,1004.65,2021-08-24T05:00:00+00:00,8.71,3.17,Ranchi
26.62,0.33,45.3,0.02,1002.72,2021-08-24T08:00:00+00:00,24.14,2.4,Srinagar
28.39,69.6,74.23,0.01,1007.5,2021-08-24T08:00:00+00:00,24.14,4.93,Mumbai
28.82,48.77,75.5,0,1005.52,2021-08-24T08:00:00+00:00,24.14,3.17,Chennai
27.02,90.97,59.67,1.05,1008.21,2021-08-24T08:00:00+00:00,16.37,2.95,Bangalore
30.25,100,56.3,0.08,1005.74,2021-08-24T08:00:00+00:00,24.14,3.28,Hyderabad
28.85,98.07,74,0.29,1004.77,2021-08-24T08:00:00+00:00,24.14,6.24,Bhopal
30.62,56.13,62.37,1.41,1002.76,2021-08-24T08:00:00+00:00,5.46,2.89,Ranchi
25.27,1,43,0,1001.25,2021-08-24T13:00:00+00:00,24.14,1.81,Srinagar
27.97,38.27,77.47,0.04,1006.91,2021-08-24T13:00:00+00:00,23.47,3.34,Mumbai
28.94,98.33,80.37,0.53,1005.37,2021-08-24T13:00:00+00:00,20.96,3.31,Chennai
25.91,100,64.77,0.6,1008.3,2021-08-24T13:00:00+00:00,18.14,2.22,Bangalore
25.27,1,43,0,1001.25,2021-08-24T13:00:00+00:00,24.14,1.81,Srinagar
27.97,38.27,77.47,0.04,1006.91,2021-08-24T13:00:00+00:00,23.47,3.34,Mumbai
28.94,98.33,80.37,0.53,1005.37,2021-08-24T13:00:00+00:00,20.96,3.31,Chennai
25.91,100,64.77,0.6,1008.3,2021-08-24T13:00:00+00:00,18.14,2.22,Bangalore
28.07,96.43,66.37,0.1,1006.08,2021-08-24T13:00:00+00:00,24.14,1.99,Hyderabad
26.87,100,82.1,0.3,1004.46,2021-08-24T13:00:00+00:00,24.14,4.43,Bhopal
27.27,74.63,80.8,1.45,1003.22,2021-08-24T13:00:00+00:00,16.7,2.01,Ranchi
22.58,0.5,49,0,1002.38,2021-08-24T14:00:00+00:00,24.13,2.32,Srinagar
27.68,69.13,79.23,0.07,1007.61,2021-08-24T14:00:00+00:00,22.8,3.12,Mumbai
28.92,99.17,78.23,0.89,1006.24,2021-08-24T14:00:00+00:00,17.79,3.36,Chennai
24.75,100,69.53,1.19,1009.24,2021-08-24T14:00:00+00:00,12.14,2.5,Bangalore
26.78,92.87,72.43,0.12,1006.96,2021-08-24T14:00:00+00:00,24.13,2.6,Hyderabad
26.28,100,83.7,0.17,1004.88,2021-08-24T14:00:00+00:00,24.13,4.57,Bhopal
26.38,81.17,83.9,1.48,1003.8,2021-08-24T14:00:00+00:00,11.23,2.05,Ranchi
19.05,0.13,60,0,1004.12,2021-08-24T16:00:00+00:00,24.13,2.37,Srinagar
27.35,100,81.3,0.09,1008.34,2021-08-24T16:00:00+00:00,22.31,2.82,Mumbai
28.95,99.5,77.4,0.95,1007.03,2021-08-24T16:00:00+00:00,17.79,3.33,Chennai
23.48,98.37,74.87,1.27,1010.1,2021-08-24T16:00:00+00:00,6.37,2.81,Bangalore
25.22,92.67,79.27,0.09,1007.92,2021-08-24T16:00:00+00:00,24.13,3.2,Hyderabad
25.35,100,86.6,0.14,1005.4,2021-08-24T16:00:00+00:00,24.13,4.58,Bhopal
25.38,91.8,87.17,1.01,1004.26,2021-08-24T16:00:00+00:00,11.89,2.22,Ranchi
18.2,0.27,65,0.01,1004.72,2021-08-24T17:00:00+00:00,24.14,1.9,Srinagar
27.3,100,81.6,0.08,1008.36,2021-08-24T17:00:00+00:00,22.5,2.75,Mumbai
29,99,78.7,0.66,1006.96,2021-08-24T17:00:00+00:00,20.96,3.26,Chennai
23.37,96.73,75.43,0.75,1010.04,2021-08-24T17:00:00+00:00,6.59,2.85,Bangalore
24.94,96.03,80.03,0.04,1008,2021-08-24T17:00:00+00:00,24.14,3.18,Hyderabad
25,100,87.9,0.25,1005.52,2021-08-24T17:00:00+00:00,24.14,4.46,Bhopal
25.27,95.9,87.33,0.51,1004.15,2021-08-24T17:00:00+00:00,18.01,2.33,Ranchi
17.36,0.4,70,0.01,1005.33,2021-08-24T18:00:00+00:00,24.14,1.43,Srinagar
27.26,100,81.9,0.07,1008.38,2021-08-24T18:00:00+00:00,22.68,2.68,Mumbai
29.06,98.5,80,0.36,1006.88,2021-08-24T18:00:00+00:00,24.14,3.19,Chennai
23.26,95.1,76,0.24,1009.98,2021-08-24T18:00:00+00:00,6.81,2.89,Bangalore
24.66,99.4,80.8,0,1008.08,2021-08-24T18:00:00+00:00,24.14,3.17,Hyderabad
24.66,100,89.2,0.36,1005.63,2021-08-24T18:00:00+00:00,24.14,4.34,Bhopal
25.16,100,87.5,0,1004.04,2021-08-24T18:00:00+00:00,24.14,2.45,Ranchi
16.18,0.4,77.67,0.01,1006.47,2021-08-25T01:00:00+00:00,24.14,0.94,Srinagar
26.18,83.27,85.07,0.14,1007.4,2021-08-25T01:00:00+00:00,20.74,3.81,Mumbai
28.58,100,77.83,0,1006.59,2021-08-25T01:00:00+00:00,24.14,2.8,Chennai
21.21,98.6,86.57,0.06,1010.36,2021-08-25T01:00:00+00:00,24.14,3,Bangalore
25.18,100,78.4,0.6,1006.78,2021-08-25T01:00:00+00:00,24.14,2.19,Hyderabad
23.55,94.13,91.23,0.01,1005.21,2021-08-25T01:00:00+00:00,24.14,5.06,Bhopal
25.35,99.6,85.6,1.19,1003.07,2021-08-25T01:00:00+00:00,20,2.31,Ranchi
17.82,70.73,68,0,1006.47,2021-08-25T02:00:00+00:00,24.14,1.13,Srinagar
26.52,90.73,84.43,0.22,1008.11,2021-08-25T02:00:00+00:00,18.12,3.79,Mumbai
28.52,100,77.37,0,1007.3,2021-08-25T02:00:00+00:00,24.14,2.61,Chennai
21.59,99.3,84.03,0.03,1011.05,2021-08-25T02:00:00+00:00,24.14,3.38,Bangalore
25.02,100,80.4,0.56,1007.61,2021-08-25T02:00:00+00:00,24.14,2.77,Hyderabad
24.26,95.67,87.77,0.01,1005.65,2021-08-25T02:00:00+00:00,24.14,6.29,Bhopal
26.46,99.8,81.2,1.15,1003.36,2021-08-25T02:00:00+00:00,15.87,2.21,Ranchi
19.47,70.68,63.8,0,1006.46,2021-08-25T03:00:00+00:00,24.14,1.32,Srinagar
26.87,98.2,83.8,0.29,1008.82,2021-08-25T03:00:00+00:00,15.49,3.77,Mumbai
28.47,100,76.9,0,1008,2021-08-25T03:00:00+00:00,24.14,2.43,Chennai
21.97,100,81.5,0,1011.74,2021-08-25T03:00:00+00:00,24.14,3.76,Bangalore
24.87,100,82.4,0.52,1008.44,2021-08-25T03:00:00+00:00,24.14,3.36,Hyderabad
24.97,97.2,84.3,0,1006.08,2021-08-25T03:00:00+00:00,24.14,7.51,Bhopal
27.57,100,76.8,1.12,1003.64,2021-08-25T03:00:00+00:00,11.74,2.12,Ranchi
21.31,60.6,59.4,0.01,1005.54,2021-08-25T04:00:00+00:00,24.14,1.59,Srinagar
27.45,86.67,80.23,0.23,1008.64,2021-08-25T04:00:00+00:00,18.37,3.63,Mumbai
28.58,100,76.43,0.48,1007.66,2021-08-25T04:00:00+00:00,24.14,2.25,Chennai
23.61,99.93,74.27,0.04,1010.97,2021-08-25T04:00:00+00:00,24.14,3.69,Bangalore
26.55,100,74.33,0.53,1007.91,2021-08-25T04:00:00+00:00,24.14,3.23,Hyderabad
26.15,96.8,80.93,0,1005.86,2021-08-25T04:00:00+00:00,24.14,7.16,Bhopal
28.38,90.63,73.33,1.19,1003.33,2021-08-25T04:00:00+00:00,12.48,2.48,Ranchi
23.16,65,55,0.02,1004.63,2021-08-25T05:00:00+00:00,24.14,1.85,Srinagar
28.03,75.13,76.67,0.18,1008.46,2021-08-25T05:00:00+00:00,21.25,3.5,Mumbai
28.69,100,75.97,0.23,1007.31,2021-08-25T05:00:00+00:00,24.14,2.06,Chennai
25.26,99.87,67.03,0.08,1010.19,2021-08-25T05:00:00+00:00,24.14,3.63,Bangalore
28.23,100,66.27,0.55,1007.37,2021-08-25T05:00:00+00:00,24.14,3.11,Hyderabad
27.33,96.4,77.57,0.01,1005.65,2021-08-25T05:00:00+00:00,24.14,6.82,Bhopal
29.19,81.27,69.87,1.26,1003.02,2021-08-25T05:00:00+00:00,13.23,2.83,Ranchi
25.01,50.6,0.02,1.2,1003.71,2021-08-25T06:00:00+00:00,24.14,2.12,Srinagar
28.61,63.6,73.1,0.13,1008.28,2021-08-25T06:00:00+00:00,24.14,3.36,Mumbai
28.81,100,75.5,0,1006.97,2021-08-25T06:00:00+00:00,24.14,1.88,Chennai
26.91,99.8,59.8,0.12,1009.41,2021-08-25T06:00:00+00:00,24.14,3.56,Bangalore
29.91,100,58.2,0.56,1006.84,2021-08-25T06:00:00+00:00,24.14,2.98,Hyderabad
28.51,96,74.2,0.01,1005.43,2021-08-25T06:00:00+00:00,24.14,6.47,Bhopal
30.01,71.9,66.4,1.33,1002.71,2021-08-25T06:00:00+00:00,13.97,3.19,Ranchi
26.29,52,43.1,0.02,1002.44,2021-08-25T07:00:00+00:00,24.14,2.15,Srinagar
28.69,56.8,73.2,0.13,1007.43,2021-08-25T07:00:00+00:00,24.14,3.53,Mumbai
28.86,100,76.67,0,1005.7,2021-08-25T07:00:00+00:00,24.14,2.49,Chennai
27.62,99.87,56.5,0.2,1008.08,2021-08-25T07:00:00+00:00,24.14,3.62,Bangalore
30.16,99.1,57.17,0.6,1005.75,2021-08-25T07:00:00+00:00,19.07,3.07,Hyderabad
28.52,97.33,74.9,0.03,1004.6,2021-08-25T07:00:00+00:00,24.14,6.2,Bhopal
30.06,80.47,66.13,1.1,1001.79,2021-08-25T07:00:00+00:00,14.83,2.81,Ranchi
27.57,35.6,52,0.01,1001.17,2021-08-25T08:00:00+00:00,24.14,2.19,Srinagar
28.77,50,73.3,0.13,1006.59,2021-08-25T08:00:00+00:00,24.13,3.7,Mumbai
28.91,100,77.83,0,1004.43,2021-08-25T08:00:00+00:00,24.14,3.09,Chennai
28.34,99.93,53.2,0.27,1006.75,2021-08-25T08:00:00+00:00,24.14,3.69,Bangalore
30.41,98.2,56.13,0.64,1004.65,2021-08-25T08:00:00+00:00,14.01,3.17,Hyderabad
28.54,98.67,75.6,0.05,1003.78,2021-08-25T08:00:00+00:00,24.14,5.92,Bhopal
30.11,89.03,65.87,0.87,1000.87,2021-08-25T08:00:00+00:00,15.69,2.43,Ranchi
28.85,60.57,28.1,0,999.9,2021-08-25T09:00:00+00:00,24.14,2.22,Srinagar
28.85,43.2,73.4,0.13,1005.74,2021-08-25T09:00:00+00:00,24.13,3.87,Mumbai
28.95,100,79,0,1003.16,2021-08-25T09:00:00+00:00,24.14,3.7,Chennai
29.05,100,49.9,0.34,1005.42,2021-08-25T09:00:00+00:00,24.14,3.75,Bangalore
30.65,97.3,55.1,0.68,1003.55,2021-08-25T09:00:00+00:00,8.95,3.26,Hyderabad
28.55,100,76.3,0.06,1002.95,2021-08-25T09:00:00+00:00,24.14,5.65,Bhopal
30.15,97.6,65.6,0.64,999.95,2021-08-25T09:00:00+00:00,16.56,2.05,Ranchi
28.65,56,28.7,0,999.5,2021-08-25T10:00:00+00:00,24.14,2.09,Srinagar
28.75,41.17,73.6,0.09,1005.63,2021-08-25T10:00:00+00:00,24.13,3.91,Mumbai
29.15,100,79.13,0.3,1003.11,2021-08-25T10:00:00+00:00,24.14,3.25,Chennai
28.65,100,51.77,0.45,1005.49,2021-08-25T10:00:00+00:00,24.14,3.18,Bangalore
28.98,98.2,63.57,0.62,1003.94,2021-08-25T10:00:00+00:00,13.33,3.81,Hyderabad
28.12,100,77.73,0.04,1002.85,2021-08-25T10:00:00+00:00,24.14,5.54,Bhopal
29.55,98.23,69.93,0.68,1000.06,2021-08-25T10:00:00+00:00,15.42,2.01,Ranchi
28.45,42,29.3,0,999.09,2021-08-25T11:00:00+00:00,24.14,1.95,Srinagar
28.65,39.13,73.8,0.06,1005.51,2021-08-25T11:00:00+00:00,24.13,3.88,Mumbai
29.35,100,79.27,0.61,1003.05,2021-08-25T11:00:00+00:00,24.14,2.88,Chennai
28.25,100,53.63,0.55,1005.56,2021-08-25T11:00:00+00:00,24.14,2.6,Bangalore
27.31,99.1,72.03,0.55,1004.32,2021-08-25T11:00:00+00:00,17.71,4.36,Hyderabad
27.68,100,79.17,0.02,1002.74,2021-08-25T11:00:00+00:00,24.14,5.44,Bhopal
28.95,98.87,74.27,0.72,1000.16,2021-08-25T11:00:00+00:00,14.29,1.97,Ranchi
28.25,30.46,29.9,0,998.69,2021-08-25T12:00:00+00:00,24.14,1.82,Srinagar
28.55,37.1,74,0.03,1005.4,2021-08-25T12:00:00+00:00,24.14,3.92,Mumbai
29.55,100,79.4,0.91,1002.99,2021-08-25T12:00:00+00:00,24.14,3.17,Chennai
27.85,100,55.5,0.65,1005.62,2021-08-25T12:00:00+00:00,24.14,2.03,Bangalore
25.65,100,80.5,0.49,1004.71,2021-08-25T12:00:00+00:00,22.09,4.91,Hyderabad
27.25,100,80.6,0,1002.63,2021-08-25T12:00:00+00:00,24.14,5.33,Bhopal
28.35,99.5,78.6,0.76,1000.26,2021-08-25T12:00:00+00:00,13.16,1.93,Ranchi
25.55,97,37.23,0,999.82,2021-08-25T13:00:00+00:00,24.14,2.34,Srinagar
28.19,26.4,76.27,0.02,1005.86,2021-08-25T13:00:00+00:00,24.14,3.75,Mumbai
29.45,100,79.6,0.82,1003.73,2021-08-25T13:00:00+00:00,20.58,2.72,Chennai
26.82,100,60,1.04,1006.6,2021-08-25T13:00:00+00:00,21.89,2.33,Bangalore
25.12,100,82.77,0.44,1005.62,2021-08-25T13:00:00+00:00,20.41,4.29,Hyderabad
26.52,100,82.83,0,1003.14,2021-08-25T13:00:00+00:00,24.14,5.02,Bhopal
27.59,91.77,80.47,0.88,1000.89,2021-08-25T13:00:00+00:00,16.82,2.04,Ranchi
22.86,44.57,57,0,1000.96,2021-08-25T14:00:00+00:00,24.14,2.87,Srinagar
27.83,15.7,78.53,0.01,1006.32,2021-08-25T14:00:00+00:00,24.14,3.58,Mumbai
29.36,100,79.8,0.73,1004.47,2021-08-25T14:00:00+00:00,17.02,2.28,Chennai
25.79,100,64.5,1.43,1007.58,2021-08-25T14:00:00+00:00,19.64,2.64,Bangalore
24.59,100,85.03,0.39,1006.54,2021-08-25T14:00:00+00:00,18.72,3.68,Hyderabad
25.79,100,85.07,0,1003.64,2021-08-25T14:00:00+00:00,24.14,4.72,Bhopal
26.83,84.03,82.33,0.99,1001.52,2021-08-25T14:00:00+00:00,20.48,2.15,Ranchi
20.17,58,51.9,0,1002.09,2021-08-25T15:00:00+00:00,24.14,3.39,Srinagar
27.47,5,80.8,0,1006.77,2021-08-25T15:00:00+00:00,24.14,3.41,Mumbai
21.64,23.73,57.47,0.02,1003.96,2021-08-26T04:00:00+00:00,24.13,1.5,Srinagar
27.54,72.93,78.57,0.2,1006.84,2021-08-26T04:00:00+00:00,23.18,4.03,Mumbai
28.61,100,78.33,2.1,1006.43,2021-08-26T04:00:00+00:00,9.6,2.22,Chennai
23.77,100,72.3,0,1009.23,2021-08-26T04:00:00+00:00,24.13,1.28,Bangalore
26.84,89.7,72.17,0.17,1006.59,2021-08-26T04:00:00+00:00,24.13,4.53,Hyderabad
25.77,85,81.5,0.01,1004.66,2021-08-26T04:00:00+00:00,24.13,6.52,Bhopal
25.31,100,87.4,0.18,1002.74,2021-08-26T04:00:00+00:00,24.13,3.29,Ranchi
23.37,20.17,54.43,0.05,1003.21,2021-08-26T05:00:00+00:00,24.13,1.62,Srinagar
28.17,50.37,75.23,0.1,1006.75,2021-08-26T05:00:00+00:00,23.66,4.22,Mumbai
28.8,100,77.77,1.12,1005.95,2021-08-26T05:00:00+00:00,16.87,2.31,Chennai
25.73,100,63.5,0,1008.63,2021-08-26T05:00:00+00:00,24.13,2.33,Bangalore
27.87,79.4,68.43,0.35,1006.29,2021-08-26T05:00:00+00:00,24.13,4.52,Hyderabad
26.53,92.4,78.6,0.03,1004.61,2021-08-26T05:00:00+00:00,24.13,6.31,Bhopal
26.1,100,83.4,0.09,1002.58,2021-08-26T05:00:00+00:00,24.13,3.42,Ranchi
25.09,16.6,51.4,0.07,1002.46,2021-08-26T06:00:00+00:00,24.14,1.75,Srinagar
28.79,27.8,71.9,0.01,1006.66,2021-08-26T06:00:00+00:00,24.14,4.42,Mumbai
28.99,100,77.2,0.13,1005.48,2021-08-26T06:00:00+00:00,24.14,2.4,Chennai
27.69,100,54.7,0,1008.04,2021-08-26T06:00:00+00:00,24.14,3.38,Bangalore
28.89,69.1,64.7,0.52,1006,2021-08-26T06:00:00+00:00,24.14,4.52,Hyderabad
27.29,99.8,75.7,0.04,1004.56,2021-08-26T06:00:00+00:00,24.14,6.1,Bhopal
26.89,100,79.4,0,1002.42,2021-08-26T06:00:00+00:00,24.14,3.56,Ranchi
26.4,11.07,45.9,0.05,1001.25,2021-08-26T07:00:00+00:00,24.14,1.74,Srinagar
28.83,29.2,71.83,0.03,1006,2021-08-26T07:00:00+00:00,24.14,4.65,Mumbai
28.97,100,78.23,0.09,1004.31,2021-08-26T07:00:00+00:00,24.14,2.43,Chennai
28.37,100,51.97,0,1006.8,2021-08-26T07:00:00+00:00,24.14,3.67,Bangalore
29.33,79.4,62.97,0.68,1004.99,2021-08-26T07:00:00+00:00,24.14,4.62,Hyderabad
27.3,99.87,75.3,0.04,1003.84,2021-08-26T07:00:00+00:00,24.14,5.73,Bhopal
26.67,100,80.6,0.17,1001.78,2021-08-26T07:00:00+00:00,24.14,3.35,Ranchi
27.71,5.53,40.4,0.04,1000.04,2021-08-26T08:00:00+00:00,24.14,1.73,Srinagar
28.87,30.6,71.77,0.05,1005.34,2021-08-26T08:00:00+00:00,24.14,4.87,Mumbai
28.94,100,79.27,0.04,1003.14,2021-08-26T08:00:00+00:00,24.14,2.47,Chennai
29.04,100,49.23,0.01,1005.56,2021-08-26T08:00:00+00:00,24.14,3.95,Bangalore
29.77,89.7,61.23,0.83,1003.98,2021-08-26T08:00:00+00:00,24.14,4.71,Hyderabad
27.31,99.93,74.9,0.03,1003.12,2021-08-26T08:00:00+00:00,24.14,5.37,Bhopal
26.44,100,81.8,0.33,1001.14,2021-08-26T08:00:00+00:00,24.14,3.13,Ranchi
29.01,0,34.9,0.02,998.83,2021-08-26T09:00:00+00:00,24.14,1.72,Srinagar
28.91,32,71.7,0.07,1004.68,2021-08-26T09:00:00+00:00,24.14,5.1,Mumbai
28.91,100,80.3,0,1001.98,2021-08-26T09:00:00+00:00,24.14,2.5,Chennai
29.71,100,46.5,0.01,1004.32,2021-08-26T09:00:00+00:00,24.14,4.24,Bangalore
30.21,100,59.5,0.98,1002.98,2021-08-26T09:00:00+00:00,24.14,4.81,Hyderabad
27.31,100,74.5,0.03,1002.4,2021-08-26T09:00:00+00:00,24.14,5,Bhopal
26.21,100,83,0.5,1000.49,2021-08-26T09:00:00+00:00,24.14,2.92,Ranchi
28.76,9.4,35.23,0.02,998.4,2021-08-26T10:00:00+00:00,24.14,2.03,Srinagar
28.79,51.3,72.17,0.07,1004.57,2021-08-26T10:00:00+00:00,24.14,4.54,Mumbai
29.06,100,80.5,0,1002.14,2021-08-26T10:00:00+00:00,24.14,2.82,Chennai
29.26,100,48.53,0.04,1004.48,2021-08-26T10:00:00+00:00,24.14,4.02,Bangalore
28.76,99.97,66.67,1.69,1003.25,2021-08-26T10:00:00+00:00,17.41,4.39,Hyderabad
26.79,99.57,77,0.03,1002.45,2021-08-26T10:00:00+00:00,24.14,4.88,Bhopal
26.02,100,83.67,0.47,1000.78,2021-08-26T10:00:00+00:00,18.84,2.53,Ranchi
28.5,18.8,35.57,0.02,997.97,2021-08-26T11:00:00+00:00,24.14,2.34,Srinagar
28.67,70.6,72.63,0.07,1004.46,2021-08-26T11:00:00+00:00,24.14,4.32,Mumbai
29.2,100,80.7,0,1002.3,2021-08-26T11:00:00+00:00,24.14,2.71,Chennai
28.8,100,50.57,0.07,1004.64,2021-08-26T11:00:00+00:00,24.14,3.81,Bangalore
27.3,99.93,73.83,2.4,1003.51,2021-08-26T11:00:00+00:00,10.68,3.98,Hyderabad
26.27,99.13,79.5,0.04,1002.5,2021-08-26T11:00:00+00:00,24.14,4.76,Bhopal
25.84,100,84.33,0.43,1001.08,2021-08-26T11:00:00+00:00,13.54,2.13,Ranchi
28.25,28.2,35.9,0.02,997.54,2021-08-26T12:00:00+00:00,24.14,2.65,Srinagar
28.55,89.9,73.1,0.08,1004.36,2021-08-26T12:00:00+00:00,24.14,4.09,Mumbai
29.35,100,80.9,0,1002.46,2021-08-26T12:00:00+00:00,24.14,3.49,Chennai
28.35,100,52.6,0.1,1004.8,2021-08-26T12:00:00+00:00,24.14,3.59,Bangalore
25.85,99.9,81,3.1,1003.78,2021-08-26T12:00:00+00:00,3.95,3.56,Hyderabad
25.75,98.7,82,0.05,1002.55,2021-08-26T12:00:00+00:00,24.14,4.64,Bhopal
25.65,100,85,0.4,1001.37,2021-08-26T12:00:00+00:00,8.24,1.74,Ranchi
25.71,23.43,43.63,0.02,998.8,2021-08-26T13:00:00+00:00,24.13,2.24,Srinagar
28.28,67.03,74.8,0.08,1004.71,2021-08-26T13:00:00+00:00,24.08,3.6,Mumbai
29.21,100,80.37,0.27,1003.22,2021-08-26T13:00:00+00:00,20.72,2.86,Chennai
27.31,100,57.77,0.32,1005.55,2021-08-26T13:00:00+00:00,23.01,3.67,Bangalore
25.18,99.93,84.7,2.38,1004.71,2021-08-26T13:00:00+00:00,6.1,3.24,Hyderabad
25.51,94.23,80.33,0.03,1003.02,2021-08-26T13:00:00+00:00,24.13,4.35,Bhopal
25.45,99.87,85.33,0.27,1001.92,2021-08-26T13:00:00+00:00,13.54,1.87,Ranchi
23.18,18.67,51.37,0.02,1000.06,2021-08-26T14:00:00+00:00,24.13,1.83,Srinagar
28.01,44.17,76.5,0.08,1005.06,2021-08-26T14:00:00+00:00,24.02,3.11,Mumbai
29.08,100,79.83,0.54,1003.99,2021-08-26T14:00:00+00:00,17.31,2.23,Chennai
26.28,100,62.93,0.54,1006.3,2021-08-26T14:00:00+00:00,21.88,3.74,Bangalore
24.51,99.97,88.4,1.66,1005.65,2021-08-26T14:00:00+00:00,8.25,2.93,Hyderabad
25.28,89.77,78.67,0.02,1003.5,2021-08-26T14:00:00+00:00,24.13,4.07,Bhopal
25.25,99.73,85.67,0.13,1002.46,2021-08-26T14:00:00+00:00,18.84,2,Ranchi
20.64,13.9,59.1,0.01,1001.32,2021-08-26T15:00:00+00:00,24.13,1.42,Srinagar
27.74,21.3,78.2,0.08,1005.41,2021-08-26T15:00:00+00:00,23.96,2.62,Mumbai
28.94,100,79.3,0.81,1004.75,2021-08-26T15:00:00+00:00,13.9,1.6,Chennai
25.24,100,68.1,0.76,1007.05,2021-08-26T15:00:00+00:00,20.75,3.82,Bangalore
23.84,100,92.1,0.94,1006.59,2021-08-26T15:00:00+00:00,10.4,2.61,Hyderabad
25.04,85.3,77,0,1003.97,2021-08-26T15:00:00+00:00,24.13,3.78,Bhopal
25.04,99.6,86,0,1003.01,2021-08-26T15:00:00+00:00,24.13,2.13,Ranchi
19.79,23.87,62.23,0.03,1002.05,2021-08-26T16:00:00+00:00,24.13,1.48,Srinagar
27.55,41.47,78.8,0.1,1005.45,2021-08-26T16:00:00+00:00,24.01,2.98,Mumbai
28.42,100,80.63,0.56,1004.83,2021-08-26T16:00:00+00:00,17.31,1.6,Chennai
24.82,100,70.3,0.79,1007.16,2021-08-26T16:00:00+00:00,21.88,3.77,Bangalore
23.75,100,91.43,0.63,1006.27,2021-08-26T16:00:00+00:00,14.98,2.37,Hyderabad
24.59,80.03,77.63,0.5,1003.86,2021-08-26T16:00:00+00:00,24.13,3.56,Bhopal
24.79,99.73,86.03,0.13,1003.09,2021-08-26T16:00:00+00:00,19.74,2.01,Ranchi
18.07,71.47,0.01,0.2,1005.42,2021-08-27T01:00:00+00:00,24.13,0.86,Srinagar
26.34,76.63,82.57,0.13,1004.7,2021-08-27T01:00:00+00:00,24.04,3.45,Mumbai
27.14,100,82.07,0.31,1004.62,2021-08-27T01:00:00+00:00,18.75,1.73,Chennai
21.84,100,85.13,0.04,1007.64,2021-08-27T01:00:00+00:00,19.71,2.67,Bangalore
23.94,100,84.53,0.41,1005.14,2021-08-27T01:00:00+00:00,19.48,2.6,Hyderabad
22.74,99.53,86.47,0,1003.88,2021-08-27T01:00:00+00:00,24.13,4,Bhopal
24.21,100,87.43,0.29,1004.04,2021-08-27T01:00:00+00:00,23.81,1.48,Ranchi
18.98,68.23,85.25,0.01,1005.97,2021-08-27T02:00:00+00:00,24.13,1.18,Srinagar
26.62,53.37,81.33,0.12,1005.44,2021-08-27T02:00:00+00:00,24.07,3.32,Mumbai
27.52,100,78.73,0.19,1005.31,2021-08-27T02:00:00+00:00,21.44,1.86,Chennai
22.22,100,83.07,0.06,1008.37,2021-08-27T02:00:00+00:00,21.92,2.96,Bangalore
24.52,100,82.27,0.56,1005.76,2021-08-27T02:00:00+00:00,14.82,2.33,Hyderabad
23.72,99.77,84.43,0,1004.57,2021-08-27T02:00:00+00:00,24.13,4.63,Bhopal
25.65,100,80.57,0.29,1004.36,2021-08-27T02:00:00+00:00,23.48,1.77,Ranchi
16.93,0,73.47,0.01,1005.76,2021-08-27T17:00:00+00:00,24.13,1.34,Srinagar
27.53,62.6,78.33,0.06,1005.21,2021-08-27T17:00:00+00:00,24.06,2.96,Mumbai
28.23,100,79.7,2.25,1003.99,2021-08-27T17:00:00+00:00,17.23,1.95,Chennai
22.16,100,87.97,1.95,1007.29,2021-08-27T17:00:00+00:00,10,4.51,Bangalore
24.69,96,83.5,0.45,1005.03,2021-08-27T17:00:00+00:00,17.91,1.71,Hyderabad
24.69,99.73,82.7,0.01,1004.01,2021-08-27T17:00:00+00:00,24.13,2.93,Bhopal
24.43,99.93,87.37,0.44,1003.91,2021-08-27T17:00:00+00:00,17.67,1.72,Ranchi
16.52,0,74.6,0.02,1006.05,2021-08-27T18:00:00+00:00,24.14,1.27,Srinagar
27.32,44,78.7,0.08,1005.24,2021-08-27T18:00:00+00:00,24.02,3.16,Mumbai
28.82,100,77.8,0.72,1003.68,2021-08-27T18:00:00+00:00,24.14,1.71,Chennai
22.32,100,86.1,1.06,1007.28,2021-08-27T18:00:00+00:00,12.78,4.51,Bangalore
24.52,94,83.6,0.03,1004.98,2021-08-27T18:00:00+00:00,24.14,1.88,Hyderabad
24.52,100,82.8,0,1003.99,2021-08-27T18:00:00+00:00,24.14,2.91,Bhopal
24.52,100,86.6,0.02,1003.78,2021-08-27T18:00:00+00:00,24.14,2.29,Ranchi
15.83,2.13,76.67,0.04,1006.19,2021-08-27T19:00:00+00:00,24.14,1.24,Srinagar
27.1,62.67,78.8,0.07,1004.54,2021-08-27T19:00:00+00:00,24.06,3.17,Mumbai
28.57,100,78.53,1.14,1003.03,2021-08-27T19:00:00+00:00,18.17,1.85,Chennai
21.97,100,87.43,1.21,1006.55,2021-08-27T19:00:00+00:00,10.53,4.22,Bangalore
24.4,96,83.2,0.02,1004.06,2021-08-27T19:00:00+00:00,24.14,1.89,Hyderabad
24.4,95.27,82.7,0.8,1003.4,2021-08-27T19:00:00+00:00,24.14,2.92,Bhopal
24.37,100,86.77,0.02,1003.15,2021-08-27T19:00:00+00:00,24.14,2.06,Ranchi
15.15,4.27,78.73,0.07,1006.33,2021-08-27T20:00:00+00:00,24.14,1.22,Srinagar
26.88,81.33,78.9,0.05,1003.83,2021-08-27T20:00:00+00:00,24.1,3.17,Mumbai
28.31,100,79.27,1.55,1002.37,2021-08-27T20:00:00+00:00,12.21,2,Chennai
21.61,100,88.77,1.36,1005.82,2021-08-27T20:00:00+00:00,8.28,3.92,Bangalore
24.28,98,82.8,0.01,1003.14,2021-08-27T20:00:00+00:00,24.14,1.89,Hyderabad
24.28,90.53,82.6,1.2,1002.81,2021-08-27T20:00:00+00:00,24.14,2.94,Bhopal
24.21,100,86.93,0.02,1002.51,2021-08-27T20:00:00+00:00,24.14,1.82,Ranchi
14.46,6.4,80.8,0.1,1006.47,2021-08-27T21:00:00+00:00,24.14,1.19,Srinagar
26.66,100,79,0.03,1003.13,2021-08-27T21:00:00+00:00,24.14,3.18,Mumbai
28.06,100,80,1.96,1001.72,2021-08-27T21:00:00+00:00,6.25,2.14,Chennai
21.26,100,90.1,1.5,1005.09,2021-08-27T21:00:00+00:00,6.03,3.63,Bangalore
24.16,100,82.4,0,1002.22,2021-08-27T21:00:00+00:00,24.14,1.9,Hyderabad
24.16,85.8,82.5,0,1002.21,2021-08-27T21:00:00+00:00,24.14,2.95,Bhopal
24.06,100,87.1,0.02,1001.88,2021-08-27T21:00:00+00:00,24.14,1.59,Ranchi
14.52,28.53,82.37,0.13,1006.94,2021-08-27T22:00:00+00:00,24.14,0.99,Srinagar
26.42,89.2,79.67,0.03,1003.16,2021-08-27T22:00:00+00:00,24.14,2.91,Mumbai
27.79,100,80.37,1.35,1001.92,2021-08-27T22:00:00+00:00,12.21,2.24,Chennai
21.05,100,91.17,1.26,1005.54,2021-08-27T22:00:00+00:00,12.07,3.47,Bangalore
23.85,100,83.9,0.06,1002.47,2021-08-27T22:00:00+00:00,23.67,2.08,Hyderabad
24.35,90.53,81.63,0.02,1002.15,2021-08-27T22:00:00+00:00,24.14,2.87,Bhopal
23.45,98.27,90.67,0.17,1002.29,2021-08-27T22:00:00+00:00,24.14,1.33,Ranchi
14.58,50.67,83.93,0.16,1007.41,2021-08-27T23:00:00+00:00,24.13,0.8,Srinagar
26.18,78.4,80.33,0.03,1003.19,2021-08-27T23:00:00+00:00,24.13,2.65,Mumbai
27.51,100,80.73,0.74,1002.13,2021-08-27T23:00:00+00:00,18.17,2.35,Chennai
20.84,100,92.23,1.02,1005.99,2021-08-27T23:00:00+00:00,18.1,3.32,Bangalore
23.54,100,85.4,0.12,1002.72,2021-08-27T23:00:00+00:00,23.21,2.27,Hyderabad
24.54,95.27,80.77,0.5,1002.1,2021-08-27T23:00:00+00:00,24.13,2.78,Bhopal
22.84,96.53,94.23,0.31,1002.71,2021-08-27T23:00:00+00:00,24.13,1.07,Ranchi
14.63,72.8,85.5,0.2,1007.88,2021-08-28T00:00:00+00:00,24.13,0.6,Srinagar
25.93,67.6,81,0.03,1003.23,2021-08-28T00:00:00+00:00,24.13,2.38,Mumbai
27.23,100,81.1,0.13,1002.33,2021-08-28T00:00:00+00:00,24.13,2.45,Chennai
20.63,100,93.3,0.77,1006.44,2021-08-28T00:00:00+00:00,24.13,3.16,Bangalore
23.23,100,86.9,0.19,1002.96,2021-08-28T00:00:00+00:00,22.75,2.45,Hyderabad
24.73,100,79.9,0,1002.04,2021-08-28T00:00:00+00:00,24.13,2.7,Bhopal
22.23,94.8,97.8,0.45,1003.13,2021-08-28T00:00:00+00:00,24.13,0.81,Ranchi
15.48,81.87,81.03,0.17,1007.95,2021-08-28T01:00:00+00:00,24.13,0.57,Srinagar
26.28,48.13,79.43,0.03,1003.74,2021-08-28T01:00:00+00:00,24.13,2.29,Mumbai
27.55,100,79.63,0.09,1002.81,2021-08-28T01:00:00+00:00,24.13,2.63,Chennai
20.88,100,91.8,0.53,1006.84,2021-08-28T01:00:00+00:00,24.13,2.84,Bangalore
23.95,100,84,0.15,1003.45,2021-08-28T01:00:00+00:00,23.21,2.38,Hyderabad
24.68,92.83,80.93,0,1002.72,2021-08-28T01:00:00+00:00,24.13,2.92,Bhopal
23.38,96.53,92.03,0.3,1003.37,2021-08-28T01:00:00+00:00,24.13,0.87,Ranchi
16.33,90.93,76.57,0.15,1008.02,2021-08-28T02:00:00+00:00,24.13,0.55,Srinagar
26.63,28.67,77.87,0.02,1004.25,2021-08-28T02:00:00+00:00,24.13,2.2,Mumbai
27.86,100,78.17,0.04,1003.29,2021-08-28T02:00:00+00:00,24.13,2.82,Chennai
21.13,100,90.3,0.29,1007.25,2021-08-28T02:00:00+00:00,24.13,2.53,Bangalore
24.66,100,81.1,0.11,1003.93,2021-08-28T02:00:00+00:00,23.67,2.31,Hyderabad
24.63,85.67,81.97,0,1003.41,2021-08-28T02:00:00+00:00,24.13,3.14,Bhopal
24.53,98.27,86.27,0.15,1003.6,2021-08-28T02:00:00+00:00,24.13,0.92,Ranchi
17.1,93.53,78.17,0.22,1009.37,2021-08-28T05:00:00+00:00,24.13,1.97,Srinagar
28.3,29.4,69.1,0.02,1004.81,2021-08-28T05:00:00+00:00,24.13,2.34,Mumbai
27.83,100,77.57,0,1003.44,2021-08-28T05:00:00+00:00,24.13,4,Chennai
21.3,100,89.53,0.52,1007.62,2021-08-28T05:00:00+00:00,13.93,3.39,Bangalore
28.03,100,65.4,0.64,1003.67,2021-08-28T05:00:00+00:00,24.13,2.43,Hyderabad
25.83,65.63,77.27,0.15,1004.09,2021-08-28T05:00:00+00:00,24.13,4.07,Bhopal
27.87,94.6,72.5,0.43,1003.14,2021-08-28T05:00:00+00:00,19.64,1.75,Ranchi
17.06,90.3,81.2,0.26,1010.01,2021-08-28T06:00:00+00:00,24.13,2.69,Srinagar
28.96,39.5,65.5,0.02,1004.84,2021-08-28T06:00:00+00:00,24.13,2.46,Mumbai
27.66,100,78,0,1003.28,2021-08-28T06:00:00+00:00,24.13,4.5,Chennai
21.26,100,89.9,0.76,1007.6,2021-08-28T06:00:00+00:00,8.82,3.98,Bangalore
29.36,100,59,0.93,1003.3,2021-08-28T06:00:00+00:00,24.13,2.53,Hyderabad
26.46,59.2,74.4,0.23,1004.08,2021-08-28T06:00:00+00:00,24.13,4.42,Bhopal
28.96,91.9,68.5,0.65,1002.8,2021-08-28T06:00:00+00:00,17.4,2.13,Ranchi
17.95,77.4,76.4,0.24,1009.17,2021-08-28T07:00:00+00:00,20.38,2.64,Srinagar
29.19,35.27,64.6,0.01,1004.12,2021-08-28T07:00:00+00:00,24.13,2.74,Mumbai
28.19,100,76.17,0.01,1002.52,2021-08-28T07:00:00+00:00,24.13,3.93,Chennai
21.12,100,89.93,0.59,1006.84,2021-08-28T07:00:00+00:00,13.74,4.19,Bangalore
29.49,100,58.87,1.03,1002.56,2021-08-28T07:00:00+00:00,18.58,2.82,Hyderabad
27.59,55.47,70.43,0.4,1003.17,2021-08-28T07:00:00+00:00,22.31,4.1,Bhopal
29.12,69.47,67.63,0.76,1001.94,2021-08-28T07:00:00+00:00,16.03,1.96,Ranchi
18.84,64.5,71.6,0.21,1008.34,2021-08-28T08:00:00+00:00,16.63,2.59,Srinagar
29.41,31.03,63.7,0.01,1003.4,2021-08-28T08:00:00+00:00,24.13,3.02,Mumbai
28.71,100,74.33,0.01,1001.76,2021-08-28T08:00:00+00:00,24.13,3.35,Chennai
20.98,100,89.97,0.43,1006.08,2021-08-28T08:00:00+00:00,18.65,4.41,Bangalore
29.61,100,58.73,1.13,1001.81,2021-08-28T08:00:00+00:00,13.03,3.12,Hyderabad
28.71,51.73,66.47,0.57,1002.25,2021-08-28T08:00:00+00:00,20.49,3.78,Bhopal
29.28,47.03,66.77,0.86,1001.09,2021-08-28T08:00:00+00:00,14.66,1.78,Ranchi
19.73,51.6,66.8,0.19,1007.51,2021-08-28T09:00:00+00:00,12.88,2.54,Srinagar
29.63,26.8,62.8,0,1002.69,2021-08-28T09:00:00+00:00,24.13,3.3,Mumbai
29.23,100,72.5,0.02,1001.01,2021-08-28T09:00:00+00:00,24.13,2.78,Chennai
20.83,100,90,0.26,1005.32,2021-08-28T09:00:00+00:00,23.56,4.62,Bangalore
29.73,100,58.6,1.22,1001.06,2021-08-28T09:00:00+00:00,7.47,3.41,Hyderabad
29.83,48,62.5,0.74,1001.33,2021-08-28T09:00:00+00:00,18.67,3.46,Bhopal
29.43,24.6,65.9,0.97,1000.23,2021-08-28T09:00:00+00:00,13.29,1.61,Ranchi
19.83,53.8,65.6,0.2,1006.82,2021-08-28T10:00:00+00:00,16.63,2.12,Srinagar
29.39,50.23,64.5,0.01,1002.58,2021-08-28T10:00:00+00:00,24.13,3.39,Mumbai
29.39,100,72.17,0.06,1001.11,2021-08-28T10:00:00+00:00,24.13,2.27,Chennai
20.69,100,91.17,0.24,1005.36,2021-08-28T10:00:00+00:00,23.13,4.77,Bangalore
28.76,100,64.5,1.2,1001.3,2021-08-28T10:00:00+00:00,7.1,2.98,Hyderabad
29.33,49.6,66,0.54,1001.24,2021-08-28T10:00:00+00:00,16.85,2.97,Bhopal
28.46,49.73,71.97,1,1000.4,2021-08-28T10:00:00+00:00,11.12,1.73,Ranchi
19.92,56,64.4,0.2,1006.14,2021-08-28T11:00:00+00:00,20.38,1.69,Srinagar
29.15,73.67,66.2,0.01,1002.46,2021-08-28T11:00:00+00:00,24.13,3.52,Mumbai
29.55,100,71.83,0.09,1001.21,2021-08-28T11:00:00+00:00,24.13,2.32,Chennai
20.55,100,92.33,0.23,1005.4,2021-08-28T11:00:00+00:00,22.7,4.91,Bangalore
27.79,100,70.4,1.17,1001.53,2021-08-28T11:00:00+00:00,6.73,2.54,Hyderabad
28.82,51.2,69.5,0.34,1001.15,2021-08-28T11:00:00+00:00,15.04,2.48,Bhopal
27.49,74.87,78.03,1.03,1000.57,2021-08-28T11:00:00+00:00,8.94,1.84,Ranchi
20.01,58.2,63.2,0.21,1005.45,2021-08-28T12:00:00+00:00,24.13,1.27,Srinagar
28.91,97.1,67.9,0.02,1002.35,2021-08-28T12:00:00+00:00,24.13,3.6,Mumbai
29.71,100,71.5,0.13,1001.31,2021-08-28T12:00:00+00:00,24.13,2.07,Chennai
20.41,100,93.5,0.21,1005.44,2021-08-28T12:00:00+00:00,22.28,5.06,Bangalore
26.81,100,76.3,1.14,1001.77,2021-08-28T12:00:00+00:00,6.35,2.11,Hyderabad
28.31,52.8,73,0.14,1001.06,2021-08-28T12:00:00+00:00,13.22,1.99,Bhopal
26.51,100,84.1,1.07,1000.74,2021-08-28T12:00:00+00:00,6.77,1.96,Ranchi
18.2,68.7,70.37,0.31,1006.13,2021-08-28T13:00:00+00:00,24.13,1.37,Srinagar
28.6,98.07,69.53,0.02,1002.92,2021-08-28T13:00:00+00:00,24.13,3.49,Mumbai
29.47,100,72.53,0.09,1001.95,2021-08-28T13:00:00+00:00,24.13,1.94,Chennai
20.27,100,93.83,0.22,1006.12,2021-08-28T13:00:00+00:00,22.67,4.97,Bangalore
26.23,100,78.23,1.02,1002.37,2021-08-28T13:00:00+00:00,12.28,2.08,Hyderabad
27.4,37.4,74.7,0.1,1001.43,2021-08-28T13:00:00+00:00,16.86,1.99,Bhopal
25.93,100,86.27,1.2,1001.48,2021-08-28T13:00:00+00:00,6.34,2.2,Ranchi
16.39,79.2,77.53,0.4,1006.82,2021-08-28T14:00:00+00:00,24.13,1.48,Srinagar
28.29,99.03,71.17,0.01,1003.49,2021-08-28T14:00:00+00:00,24.13,3.38,Mumbai
29.22,100,73.57,0.04,1002.58,2021-08-28T14:00:00+00:00,24.13,1.81,Chennai
20.12,100,94.17,0.23,1006.8,2021-08-28T14:00:00+00:00,23.07,4.88,Bangalore
25.65,100,80.17,0.9,1002.97,2021-08-28T14:00:00+00:00,18.21,2.04,Hyderabad
26.49,22,76.4,0.05,1001.8,2021-08-28T14:00:00+00:00,20.5,2,Bhopal
25.35,100,88.43,1.34,1002.21,2021-08-28T14:00:00+00:00,5.92,2.43,Ranchi
14.57,89.7,84.7,0.5,1007.5,2021-08-28T15:00:00+00:00,24.13,1.58,Srinagar
27.97,100,72.8,0.01,1004.06,2021-08-28T15:00:00+00:00,24.13,3.27,Mumbai
28.97,100,74.6,0,1003.22,2021-08-28T15:00:00+00:00,24.13,1.68,Chennai
19.97,100,94.5,0.24,1007.48,2021-08-28T15:00:00+00:00,23.47,4.79,Bangalore
25.07,100,82.1,0.79,1003.57,2021-08-28T15:00:00+00:00,24.13,2.01,Hyderabad
25.57,6.6,78.1,0,1002.17,2021-08-28T15:00:00+00:00,24.13,2,Bhopal
24.77,100,90.6,1.47,1002.94,2021-08-28T15:00:00+00:00,5.5,2.67,Ranchi
14.64,93.13,83.97,0.39,1007.96,2021-08-28T16:00:00+00:00,19.56,1.51,Srinagar
27.74,96.13,73.27,0.02,1004.22,2021-08-28T16:00:00+00:00,24.13,3.24,Mumbai
28.84,100,74.03,0,1003.27,2021-08-28T16:00:00+00:00,24.13,2.09,Chennai
19.84,100,94.6,0.19,1007.58,2021-08-28T16:00:00+00:00,23.69,4.7,Bangalore
25.01,100,81.6,0.67,1003.55,2021-08-28T16:00:00+00:00,23.67,1.97,Hyderabad
25.21,33.87,79.57,0.05,1002.37,2021-08-28T16:00:00+00:00,24.13,1.92,Bhopal
24.57,100,92.27,1.25,1002.9,2021-08-28T16:00:00+00:00,8.17,2.41,Ranchi
14.71,96.57,83.23,0.28,1008.42,2021-08-28T17:00:00+00:00,14.99,1.44,Srinagar
27.51,92.27,73.73,0.04,1004.38,2021-08-28T17:00:00+00:00,24.14,3.2,Mumbai
28.71,100,73.47,0,1003.31,2021-08-28T17:00:00+00:00,24.14,2.51,Chennai
19.71,100,94.7,0.15,1007.67,2021-08-28T17:00:00+00:00,23.91,4.6,Bangalore
24.94,100,81.1,0.55,1003.53,2021-08-28T17:00:00+00:00,23.21,1.94,Hyderabad
24.84,61.13,81.03,0.1,1002.57,2021-08-28T17:00:00+00:00,24.14,1.85,Bhopal
24.37,100,93.93,1.02,1002.87,2021-08-28T17:00:00+00:00,10.84,2.14,Ranchi
18.26,46.4,70.03,0.29,1008.24,2021-08-29T04:00:00+00:00,24.14,1.62,Srinagar
27.7,14.9,71,0.03,1004.84,2021-08-29T04:00:00+00:00,24.14,2.59,Mumbai
28.53,80.27,71.1,0.03,1003.67,2021-08-29T04:00:00+00:00,24.11,4.17,Chennai
21.23,100,86.43,0.02,1007.51,2021-08-29T04:00:00+00:00,24.14,4.53,Bangalore
25.63,99.87,78.13,0.34,1004.15,2021-08-29T04:00:00+00:00,18.51,4.71,Hyderabad
26.06,80.37,79.87,0.02,1003.63,2021-08-29T04:00:00+00:00,24.14,3.59,Bhopal
25.2,95.03,89.33,0.57,1003.61,2021-08-29T04:00:00+00:00,20.55,1.63,Ranchi
19.75,73.2,63.17,0.33,1007.53,2021-08-29T05:00:00+00:00,24.14,1.61,Srinagar
28.42,24,67.5,0.04,1004.83,2021-08-29T05:00:00+00:00,24.14,2.67,Mumbai
28.88,90.13,70.9,0.06,1003.55,2021-08-29T05:00:00+00:00,24.08,4.42,Chennai
22.08,100,82.27,0.02,1007.36,2021-08-29T05:00:00+00:00,24.14,4.83,Bangalore
26.88,99.73,73.27,0.69,1003.67,2021-08-29T05:00:00+00:00,12.88,4.72,Hyderabad
26.95,88.93,75.73,0.05,1003.52,2021-08-29T05:00:00+00:00,24.14,3.82,Bhopal
26.32,90.07,84.57,1.03,1003.22,2021-08-29T05:00:00+00:00,16.96,2.16,Ranchi
21.24,100,56.3,0.38,1006.81,2021-08-29T06:00:00+00:00,24.14,1.61,Srinagar
29.14,33.1,64,0.06,1004.83,2021-08-29T06:00:00+00:00,24.14,2.74,Mumbai
29.24,100,70.7,0.09,1003.42,2021-08-29T06:00:00+00:00,24.06,4.66,Chennai
22.94,100,78.1,0.03,1007.2,2021-08-29T06:00:00+00:00,24.14,5.14,Bangalore
28.14,99.6,68.4,1.03,1003.19,2021-08-29T06:00:00+00:00,7.25,4.73,Hyderabad
27.84,97.5,71.6,0.07,1003.41,2021-08-29T06:00:00+00:00,24.14,4.04,Bhopal
27.44,85.1,79.8,1.48,1002.83,2021-08-29T06:00:00+00:00,13.37,2.69,Ranchi
22.35,72.87,50.6,0.28,1005.8,2021-08-29T07:00:00+00:00,24.14,1.55,Srinagar
29.22,48.1,63.93,0.04,1004.18,2021-08-29T07:00:00+00:00,24.14,2.84,Mumbai
29.45,99.57,70.3,0.09,1002.45,2021-08-29T07:00:00+00:00,24.08,4.33,Chennai
22.42,99.2,80.97,0.09,1006.36,2021-08-29T07:00:00+00:00,23.79,5.14,Bangalore
28.02,99.73,69.37,1.22,1002.46,2021-08-29T07:00:00+00:00,11.56,4.85,Hyderabad
27.45,92.27,74.3,0.07,1002.66,2021-08-29T07:00:00+00:00,24.14,3.66,Bhopal
27.79,85.87,77.87,1.24,1002.21,2021-08-29T07:00:00+00:00,14.58,2.96,Ranchi
23.47,45.73,44.9,0.18,1004.79,2021-08-29T08:00:00+00:00,24.14,1.5,Srinagar
29.3,63.1,63.87,0.02,1003.54,2021-08-29T08:00:00+00:00,24.14,2.95,Mumbai
29.67,99.13,69.9,0.08,1001.49,2021-08-29T08:00:00+00:00,24.11,4.01,Chennai
21.9,98.4,83.83,0.14,1005.52,2021-08-29T08:00:00+00:00,23.45,5.13,Bangalore
27.9,99.87,70.33,1.41,1001.74,2021-08-29T08:00:00+00:00,15.87,4.97,Hyderabad
27.07,87.03,77,0.07,1001.9,2021-08-29T08:00:00+00:00,24.14,3.29,Bhopal
28.14,86.63,75.93,0.99,1001.59,2021-08-29T08:00:00+00:00,15.78,3.23,Ranchi
24.59,18.6,39.2,0.08,1003.78,2021-08-29T09:00:00+00:00,24.13,1.44,Srinagar
29.39,78.1,63.8,0,1002.89,2021-08-29T09:00:00+00:00,24.13,3.05,Mumbai
29.89,98.7,69.5,0.08,1000.52,2021-08-29T09:00:00+00:00,24.13,3.68,Chennai
21.39,97.6,86.7,0.2,1004.68,2021-08-29T09:00:00+00:00,23.11,5.13,Bangalore
27.79,100,71.3,1.6,1001.01,2021-08-29T09:00:00+00:00,20.18,5.09,Hyderabad
26.69,81.8,79.7,0.07,1001.15,2021-08-29T09:00:00+00:00,24.13,2.91,Bhopal
28.49,87.4,74,0.75,1000.97,2021-08-29T09:00:00+00:00,16.99,3.5,Ranchi
24.55,12.4,38.43,0.11,1003.34,2021-08-29T10:00:00+00:00,24.13,1.03,Srinagar
29.05,85.4,67,0,1002.75,2021-08-29T10:00:00+00:00,24.13,3.63,Mumbai
29.49,99.13,71.6,0.24,1000.71,2021-08-29T10:00:00+00:00,21.4,3.66,Chennai
21.32,98.17,86.23,0.13,1004.94,2021-08-29T10:00:00+00:00,23.45,5.29,Bangalore
27.12,99.87,74.7,1.3,1001.16,2021-08-29T10:00:00+00:00,20.81,4.99,Hyderabad
26.92,87.87,79.73,0.63,1000.93,2021-08-29T10:00:00+00:00,20.72,2.52,Bhopal
27.65,91.4,78.3,0.54,1001.2,2021-08-29T10:00:00+00:00,15.43,3.33,Ranchi
24.52,6.2,37.67,0.14,1002.9,2021-08-29T11:00:00+00:00,24.13,0.63,Srinagar
28.72,92.7,70.2,0.01,1002.61,2021-08-29T11:00:00+00:00,24.13,3.47,Mumbai
29.09,99.57,73.7,0.39,1000.9,2021-08-29T11:00:00+00:00,18.67,3.61,Chennai
21.25,98.73,85.77,0.07,1005.19,2021-08-29T11:00:00+00:00,23.79,5.46,Bangalore
26.45,99.73,78.1,1,1001.31,2021-08-29T11:00:00+00:00,21.43,4.9,Hyderabad
27.15,93.93,79.77,1.19,1000.71,2021-08-29T11:00:00+00:00,17.31,2.12,Bhopal
26.82,95.4,82.6,0.32,1001.42,2021-08-29T11:00:00+00:00,13.86,3.17,Ranchi
24.49,0,36.9,0.17,1002.46,2021-08-29T12:00:00+00:00,24.13,0.22,Srinagar
28.39,100,73.4,0.01,1002.47,2021-08-29T12:00:00+00:00,24.13,3.3,Mumbai
28.69,100,75.8,0.55,1001.09,2021-08-29T12:00:00+00:00,15.93,3.56,Chennai
21.19,99.3,85.3,0,1005.44,2021-08-29T12:00:00+00:00,24.13,5.62,Bangalore
25.79,99.6,81.5,0.71,1001.46,2021-08-29T12:00:00+00:00,22.06,4.8,Hyderabad
27.39,100,79.8,1.75,1000.5,2021-08-29T12:00:00+00:00,13.89,1.73,Bhopal
25.99,99.4,86.9,0.11,1001.64,2021-08-29T12:00:00+00:00,12.3,3,Ranchi
21.98,0,44.03,0.17,1003.87,2021-08-29T13:00:00+00:00,24.13,1.17,Srinagar
28.21,100,73.83,0,1003.04,2021-08-29T13:00:00+00:00,24.14,3.07,Mumbai
28.85,95.9,75.33,0.71,1001.92,2021-08-29T13:00:00+00:00,13.23,2.86,Chennai
20.85,99.37,86.63,0,1006.23,2021-08-29T13:00:00+00:00,24.14,5.19,Bangalore
25.21,99.73,83.43,0.55,1002.26,2021-08-29T13:00:00+00:00,22.75,4.49,Hyderabad
26.08,100,84.2,1.65,1001.58,2021-08-29T13:00:00+00:00,13.58,3.19,Bhopal
25.45,98.67,88.9,0.08,1002.52,2021-08-29T13:00:00+00:00,16.24,3.05,Ranchi
19.48,0,51.17,0.17,1005.28,2021-08-29T14:00:00+00:00,24.13,2.13,Srinagar
28.04,100,74.27,0,1003.61,2021-08-29T14:00:00+00:00,24.14,2.85,Mumbai
29.01,91.8,74.87,0.86,1002.74,2021-08-29T14:00:00+00:00,10.52,2.17,Chennai
20.51,99.43,87.97,0,1007.01,2021-08-29T14:00:00+00:00,24.14,4.77,Bangalore
24.64,99.87,85.37,0.39,1003.05,2021-08-29T14:00:00+00:00,23.44,4.18,Hyderabad
24.78,100,88.6,1.56,1002.66,2021-08-29T14:00:00+00:00,13.26,4.64,Bhopal
24.91,97.93,90.9,0.05,1003.39,2021-08-29T14:00:00+00:00,20.19,3.11,Ranchi
